date,from_currency,to_currency,rate,source,currency_pair
2014-11-07,GBP,NGN,263.33,alpha_vantage
2014-11-10,GBP,NGN,266.98,alpha_vantage
2014-11-11,GBP,NGN,268.53,alpha_vantage
2014-11-12,GBP,NGN,267.56,alpha_vantage
2014-11-13,GBP,NGN,270.91,alpha_vantage
2014-11-14,GBP,NGN,268.28,alpha_vantage
2014-11-17,GBP,NGN,270.72,alpha_vantage
2014-11-18,GBP,NGN,270.86,alpha_vantage
2014-11-19,GBP,NGN,272.86,alpha_vantage
2014-11-20,GBP,NGN,276.56,alpha_vantage
2014-11-21,GBP,NGN,277.68,alpha_vantage
2014-11-24,GBP,NGN,272.89,alpha_vantage
2014-11-25,GBP,NGN,278.69,alpha_vantage
2014-11-26,GBP,NGN,279.32,alpha_vantage
2014-11-27,GBP,NGN,278.26,alpha_vantage
2014-11-28,GBP,NGN,279.59,alpha_vantage
2014-12-01,GBP,NGN,289.7,alpha_vantage
2014-12-02,GBP,NGN,281.03,alpha_vantage
2014-12-03,GBP,NGN,280.88,alpha_vantage
2014-12-04,GBP,NGN,280.65,alpha_vantage
2014-12-05,GBP,NGN,279.46,alpha_vantage
2014-12-08,GBP,NGN,281.91,alpha_vantage
2014-12-09,GBP,NGN,288.64,alpha_vantage
2014-12-10,GBP,NGN,283.02,alpha_vantage
2014-12-11,GBP,NGN,284.52,alpha_vantage
2014-12-12,GBP,NGN,282.69,alpha_vantage
2014-12-15,GBP,NGN,279.67,alpha_vantage
2014-12-16,GBP,NGN,284.59,alpha_vantage
2014-12-17,GBP,NGN,291.12,alpha_vantage
2014-12-18,GBP,NGN,289.32,alpha_vantage
2014-12-19,GBP,NGN,288.57,alpha_vantage
2014-12-22,GBP,NGN,287.84,alpha_vantage
2014-12-23,GBP,NGN,283,alpha_vantage
2014-12-24,GBP,NGN,284.7,alpha_vantage
2014-12-25,GBP,NGN,284.59,alpha_vantage
2014-12-26,GBP,NGN,284.61,alpha_vantage
2014-12-30,GBP,NGN,285.73,alpha_vantage
2014-12-31,GBP,NGN,286.04,alpha_vantage
2015-01-01,GBP,NGN,286.1,alpha_vantage
2015-01-02,GBP,NGN,281.36,alpha_vantage
2015-01-05,GBP,NGN,280.15,alpha_vantage
2015-01-06,GBP,NGN,278.08,alpha_vantage
2015-01-07,GBP,NGN,276.74,alpha_vantage
2015-01-08,GBP,NGN,271.62,alpha_vantage
2015-01-09,GBP,NGN,275.01,alpha_vantage
2015-01-12,GBP,NGN,273.34,alpha_vantage
2015-01-13,GBP,NGN,278.45,alpha_vantage
2015-01-14,GBP,NGN,279.72,alpha_vantage
2015-01-15,GBP,NGN,281.98,alpha_vantage
2015-01-16,GBP,NGN,281.29,alpha_vantage
2015-01-19,GBP,NGN,283.69,alpha_vantage
2015-01-20,GBP,NGN,286.98,alpha_vantage
2015-01-21,GBP,NGN,280.42,alpha_vantage
2015-01-22,GBP,NGN,282.02,alpha_vantage
2015-01-23,GBP,NGN,286.94,alpha_vantage
2015-01-26,GBP,NGN,288.68,alpha_vantage
2015-01-27,GBP,NGN,291.86,alpha_vantage
2015-01-28,GBP,NGN,287.73,alpha_vantage
2015-01-29,GBP,NGN,284.96,alpha_vantage
2015-01-30,GBP,NGN,287.23,alpha_vantage
2015-02-02,GBP,NGN,284.22,alpha_vantage
2015-02-03,GBP,NGN,288.02,alpha_vantage
2015-02-04,GBP,NGN,292.09,alpha_vantage
2015-02-05,GBP,NGN,295.02,alpha_vantage
2015-02-06,GBP,NGN,295.72,alpha_vantage
2015-02-09,GBP,NGN,298.47,alpha_vantage
2015-02-10,GBP,NGN,305.09,alpha_vantage
2015-02-11,GBP,NGN,311,alpha_vantage
2015-02-12,GBP,NGN,315.28,alpha_vantage
2015-02-13,GBP,NGN,315.24,alpha_vantage
2015-02-16,GBP,NGN,306.59,alpha_vantage
2015-02-17,GBP,NGN,307.14,alpha_vantage
2015-02-18,GBP,NGN,305.87,alpha_vantage
2015-02-19,GBP,NGN,306.89,alpha_vantage
2015-02-20,GBP,NGN,308.12,alpha_vantage
2015-02-23,GBP,NGN,310.14,alpha_vantage
2015-02-24,GBP,NGN,310.77,alpha_vantage
2015-02-25,GBP,NGN,313.07,alpha_vantage
2015-02-26,GBP,NGN,311.46,alpha_vantage
2015-02-27,GBP,NGN,312.78,alpha_vantage
2015-03-02,GBP,NGN,309.04,alpha_vantage
2015-03-03,GBP,NGN,308.26,alpha_vantage
2015-03-04,GBP,NGN,305.08,alpha_vantage
2015-03-05,GBP,NGN,305.14,alpha_vantage
2015-03-06,GBP,NGN,300.13,alpha_vantage
2015-03-09,GBP,NGN,301.8,alpha_vantage
2015-03-10,GBP,NGN,300.77,alpha_vantage
2015-03-11,GBP,NGN,298.06,alpha_vantage
2015-03-12,GBP,NGN,297.21,alpha_vantage
2015-03-13,GBP,NGN,294.63,alpha_vantage
2015-03-16,GBP,NGN,296.13,alpha_vantage
2015-03-17,GBP,NGN,294.66,alpha_vantage
2015-03-18,GBP,NGN,297.93,alpha_vantage
2015-03-19,GBP,NGN,293.89,alpha_vantage
2015-03-20,GBP,NGN,297.78,alpha_vantage
2015-03-23,GBP,NGN,298.15,alpha_vantage
2015-03-24,GBP,NGN,295.57,alpha_vantage
2015-03-25,GBP,NGN,296.35,alpha_vantage
2015-03-26,GBP,NGN,295.68,alpha_vantage
2015-03-27,GBP,NGN,296.29,alpha_vantage
2015-03-30,GBP,NGN,294.95,alpha_vantage
2015-03-31,GBP,NGN,295.33,alpha_vantage
2015-04-01,GBP,NGN,295.36,alpha_vantage
2015-04-02,GBP,NGN,295.46,alpha_vantage
2015-04-03,GBP,NGN,297.12,alpha_vantage
2015-04-06,GBP,NGN,296.53,alpha_vantage
2015-04-07,GBP,NGN,295.21,alpha_vantage
2015-04-08,GBP,NGN,296.26,alpha_vantage
2015-04-09,GBP,NGN,293.07,alpha_vantage
2015-04-10,GBP,NGN,291.41,alpha_vantage
2015-04-13,GBP,NGN,292.17,alpha_vantage
2015-04-14,GBP,NGN,294.27,alpha_vantage
2015-04-15,GBP,NGN,295.23,alpha_vantage
2015-04-16,GBP,NGN,297.36,alpha_vantage
2015-04-17,GBP,NGN,297.89,alpha_vantage
2015-04-20,GBP,NGN,296.71,alpha_vantage
2015-04-21,GBP,NGN,297.23,alpha_vantage
2015-04-22,GBP,NGN,299.35,alpha_vantage
2015-04-23,GBP,NGN,299.79,alpha_vantage
2015-04-24,GBP,NGN,302.51,alpha_vantage
2015-04-27,GBP,NGN,301.79,alpha_vantage
2015-04-28,GBP,NGN,305.44,alpha_vantage
2015-04-29,GBP,NGN,307.18,alpha_vantage
2015-04-30,GBP,NGN,304.28,alpha_vantage
2015-05-01,GBP,NGN,300,alpha_vantage
2015-05-04,GBP,NGN,301.06,alpha_vantage
2015-05-05,GBP,NGN,302.07,alpha_vantage
2015-05-06,GBP,NGN,303.55,alpha_vantage
2015-05-07,GBP,NGN,307.05,alpha_vantage
2015-05-08,GBP,NGN,307.91,alpha_vantage
2015-05-11,GBP,NGN,310.26,alpha_vantage
2015-05-12,GBP,NGN,312.03,alpha_vantage
2015-05-13,GBP,NGN,313.52,alpha_vantage
2015-05-14,GBP,NGN,314.19,alpha_vantage
2015-05-15,GBP,NGN,313.07,alpha_vantage
2015-05-18,GBP,NGN,311.85,alpha_vantage
2015-05-19,GBP,NGN,308.96,alpha_vantage
2015-05-20,GBP,NGN,309.34,alpha_vantage
2015-05-21,GBP,NGN,311.9,alpha_vantage
2015-05-22,GBP,NGN,308.52,alpha_vantage
2015-05-25,GBP,NGN,308.13,alpha_vantage
2015-05-26,GBP,NGN,306.59,alpha_vantage
2015-05-27,GBP,NGN,305.68,alpha_vantage
2015-05-28,GBP,NGN,305.07,alpha_vantage
2015-05-29,GBP,NGN,304.6,alpha_vantage
2015-06-01,GBP,NGN,301.23,alpha_vantage
2015-06-02,GBP,NGN,305.44,alpha_vantage
2015-06-03,GBP,NGN,305.24,alpha_vantage
2015-06-04,GBP,NGN,305.71,alpha_vantage
2015-06-05,GBP,NGN,303.91,alpha_vantage
2015-06-08,GBP,NGN,305.34,alpha_vantage
2015-06-09,GBP,NGN,306.25,alpha_vantage
2015-06-10,GBP,NGN,308.75,alpha_vantage
2015-06-11,GBP,NGN,308.78,alpha_vantage
2015-06-12,GBP,NGN,309.79,alpha_vantage
2015-06-15,GBP,NGN,310.6,alpha_vantage
2015-06-16,GBP,NGN,311.59,alpha_vantage
2015-06-17,GBP,NGN,315.07,alpha_vantage
2015-06-18,GBP,NGN,316.16,alpha_vantage
2015-06-19,GBP,NGN,316.19,alpha_vantage
2015-06-22,GBP,NGN,314.84,alpha_vantage
2015-06-23,GBP,NGN,313.2,alpha_vantage
2015-06-24,GBP,NGN,312.62,alpha_vantage
2015-06-25,GBP,NGN,313.27,alpha_vantage
2015-06-26,GBP,NGN,313.43,alpha_vantage
2015-06-29,GBP,NGN,313.1,alpha_vantage
2015-06-30,GBP,NGN,312.28,alpha_vantage
2015-07-01,GBP,NGN,311.03,alpha_vantage
2015-07-02,GBP,NGN,310.75,alpha_vantage
2015-07-03,GBP,NGN,310.03,alpha_vantage
2015-07-06,GBP,NGN,310.59,alpha_vantage
2015-07-07,GBP,NGN,307.78,alpha_vantage
2015-07-08,GBP,NGN,305.81,alpha_vantage
2015-07-09,GBP,NGN,306.14,alpha_vantage
2015-07-10,GBP,NGN,308.88,alpha_vantage
2015-07-13,GBP,NGN,308.4,alpha_vantage
2015-07-14,GBP,NGN,311.24,alpha_vantage
2015-07-15,GBP,NGN,311.31,alpha_vantage
2015-07-16,GBP,NGN,310.69,alpha_vantage
2015-07-17,GBP,NGN,310.7,alpha_vantage
2015-07-20,GBP,NGN,309.83,alpha_vantage
2015-07-21,GBP,NGN,309.85,alpha_vantage
2015-07-22,GBP,NGN,310.83,alpha_vantage
2015-07-23,GBP,NGN,308.9,alpha_vantage
2015-07-24,GBP,NGN,308.77,alpha_vantage
2015-07-27,GBP,NGN,309.8,alpha_vantage
2015-07-28,GBP,NGN,310.85,alpha_vantage
2015-07-29,GBP,NGN,310.8,alpha_vantage
2015-07-30,GBP,NGN,310.54,alpha_vantage
2015-07-31,GBP,NGN,308.68,alpha_vantage
2015-08-03,GBP,NGN,310.4,alpha_vantage
2015-08-04,GBP,NGN,310,alpha_vantage
2015-08-05,GBP,NGN,310.63,alpha_vantage
2015-08-06,GBP,NGN,308.81,alpha_vantage
2015-08-07,GBP,NGN,308.29,alpha_vantage
2015-08-10,GBP,NGN,310.39,alpha_vantage
2015-08-11,GBP,NGN,310.3,alpha_vantage
2015-08-12,GBP,NGN,310.88,alpha_vantage
2015-08-13,GBP,NGN,310.68,alpha_vantage
2015-08-14,GBP,NGN,311.47,alpha_vantage
2015-08-17,GBP,NGN,310.24,alpha_vantage
2015-08-18,GBP,NGN,311.92,alpha_vantage
2015-08-19,GBP,NGN,312.24,alpha_vantage
2015-08-20,GBP,NGN,312.5,alpha_vantage
2015-08-21,GBP,NGN,312.5,alpha_vantage
2015-08-24,GBP,NGN,313.58,alpha_vantage
2015-08-25,GBP,NGN,312.69,alpha_vantage
2015-08-26,GBP,NGN,308.17,alpha_vantage
2015-08-27,GBP,NGN,306.89,alpha_vantage
2015-08-28,GBP,NGN,306.52,alpha_vantage
2015-08-31,GBP,NGN,305.63,alpha_vantage
2015-09-01,GBP,NGN,304.84,alpha_vantage
2015-09-02,GBP,NGN,304.86,alpha_vantage
2015-09-03,GBP,NGN,303.54,alpha_vantage
2015-09-04,GBP,NGN,299.79,alpha_vantage
2015-09-07,GBP,NGN,302.05,alpha_vantage
2015-09-08,GBP,NGN,306.56,alpha_vantage
2015-09-09,GBP,NGN,305.84,alpha_vantage
2015-09-10,GBP,NGN,307.54,alpha_vantage
2015-09-11,GBP,NGN,307.31,alpha_vantage
2015-09-14,GBP,NGN,307.1,alpha_vantage
2015-09-15,GBP,NGN,305.59,alpha_vantage
2015-09-16,GBP,NGN,308.61,alpha_vantage
2015-09-17,GBP,NGN,310.24,alpha_vantage
2015-09-18,GBP,NGN,309.16,alpha_vantage
2015-09-21,GBP,NGN,307.39,alpha_vantage
2015-09-22,GBP,NGN,305.89,alpha_vantage
2015-09-23,GBP,NGN,303.7,alpha_vantage
2015-09-24,GBP,NGN,303.06,alpha_vantage
2015-09-25,GBP,NGN,302.15,alpha_vantage
2015-09-28,GBP,NGN,301.95,alpha_vantage
2015-09-29,GBP,NGN,301.49,alpha_vantage
2015-09-30,GBP,NGN,299.74,alpha_vantage
2015-10-01,GBP,NGN,299.92,alpha_vantage
2015-10-02,GBP,NGN,302.47,alpha_vantage
2015-10-05,GBP,NGN,301.68,alpha_vantage
2015-10-06,GBP,NGN,303.32,alpha_vantage
2015-10-07,GBP,NGN,304.97,alpha_vantage
2015-10-08,GBP,NGN,305.66,alpha_vantage
2015-10-09,GBP,NGN,305.07,alpha_vantage
2015-10-12,GBP,NGN,305.59,alpha_vantage
2015-10-13,GBP,NGN,303.75,alpha_vantage
2015-10-14,GBP,NGN,308.2,alpha_vantage
2015-10-15,GBP,NGN,308.13,alpha_vantage
2015-10-16,GBP,NGN,307.45,alpha_vantage
2015-10-19,GBP,NGN,308.04,alpha_vantage
2015-10-20,GBP,NGN,307.6,alpha_vantage
2015-10-21,GBP,NGN,306.78,alpha_vantage
2015-10-22,GBP,NGN,306.45,alpha_vantage
2015-10-23,GBP,NGN,304.98,alpha_vantage
2015-10-26,GBP,NGN,304.69,alpha_vantage
2015-10-27,GBP,NGN,304.96,alpha_vantage
2015-10-28,GBP,NGN,304.11,alpha_vantage
2015-10-29,GBP,NGN,305.04,alpha_vantage
2015-10-30,GBP,NGN,307.12,alpha_vantage
2015-11-02,GBP,NGN,306.85,alpha_vantage
2015-11-03,GBP,NGN,306.96,alpha_vantage
2015-11-04,GBP,NGN,306.42,alpha_vantage
2015-11-05,GBP,NGN,301.46,alpha_vantage
2015-11-06,GBP,NGN,298.2,alpha_vantage
2015-11-09,GBP,NGN,301.03,alpha_vantage
2015-11-10,GBP,NGN,301.09,alpha_vantage
2015-11-11,GBP,NGN,302.97,alpha_vantage
2015-11-12,GBP,NGN,303.29,alpha_vantage
2015-11-13,GBP,NGN,303.42,alpha_vantage
2015-11-16,GBP,NGN,302.73,alpha_vantage
2015-11-17,GBP,NGN,302.88,alpha_vantage
2015-11-18,GBP,NGN,303.33,alpha_vantage
2015-11-19,GBP,NGN,304.45,alpha_vantage
2015-11-20,GBP,NGN,302.53,alpha_vantage
2015-11-23,GBP,NGN,301.23,alpha_vantage
2015-11-24,GBP,NGN,300.42,alpha_vantage
2015-11-25,GBP,NGN,301.26,alpha_vantage
2015-11-26,GBP,NGN,300.57,alpha_vantage
2015-11-27,GBP,NGN,299.42,alpha_vantage
2015-11-30,GBP,NGN,299.83,alpha_vantage
2015-12-01,GBP,NGN,300.28,alpha_vantage
2015-12-02,GBP,NGN,297.68,alpha_vantage
2015-12-03,GBP,NGN,301.21,alpha_vantage
2015-12-04,GBP,NGN,299.36,alpha_vantage
2015-12-07,GBP,NGN,299.71,alpha_vantage
2015-12-08,GBP,NGN,298.97,alpha_vantage
2015-12-09,GBP,NGN,302.29,alpha_vantage
2015-12-10,GBP,NGN,301.07,alpha_vantage
2015-12-11,GBP,NGN,303.09,alpha_vantage
2015-12-14,GBP,NGN,302.25,alpha_vantage
2015-12-15,GBP,NGN,299.42,alpha_vantage
2015-12-16,GBP,NGN,298.55,alpha_vantage
2015-12-17,GBP,NGN,295.4,alpha_vantage
2015-12-18,GBP,NGN,296.6,alpha_vantage
2015-12-21,GBP,NGN,294.95,alpha_vantage
2015-12-22,GBP,NGN,295.28,alpha_vantage
2015-12-23,GBP,NGN,296.23,alpha_vantage
2015-12-24,GBP,NGN,296.97,alpha_vantage
2015-12-25,GBP,NGN,297.29,alpha_vantage
2015-12-28,GBP,NGN,296.24,alpha_vantage
2015-12-29,GBP,NGN,294.74,alpha_vantage
2015-12-30,GBP,NGN,295.1,alpha_vantage
2015-12-31,GBP,NGN,293.63,alpha_vantage
2016-01-01,GBP,NGN,293.45,alpha_vantage
2016-01-04,GBP,NGN,293.11,alpha_vantage
2016-01-05,GBP,NGN,292.04,alpha_vantage
2016-01-06,GBP,NGN,289.95,alpha_vantage
2016-01-07,GBP,NGN,290.61,alpha_vantage
2016-01-08,GBP,NGN,289.23,alpha_vantage
2016-01-11,GBP,NGN,289.1,alpha_vantage
2016-01-12,GBP,NGN,287.34,alpha_vantage
2016-01-13,GBP,NGN,286.66,alpha_vantage
2016-01-14,GBP,NGN,286.37,alpha_vantage
2016-01-15,GBP,NGN,283.98,alpha_vantage
2016-01-18,GBP,NGN,283.63,alpha_vantage
2016-01-19,GBP,NGN,280.67,alpha_vantage
2016-01-20,GBP,NGN,282.29,alpha_vantage
2016-01-21,GBP,NGN,283.06,alpha_vantage
2016-01-22,GBP,NGN,284.02,alpha_vantage
2016-01-25,GBP,NGN,283.69,alpha_vantage
2016-01-26,GBP,NGN,285.77,alpha_vantage
2016-01-27,GBP,NGN,283.17,alpha_vantage
2016-01-28,GBP,NGN,285.38,alpha_vantage
2016-01-29,GBP,NGN,283.76,alpha_vantage
2016-02-01,GBP,NGN,287.36,alpha_vantage
2016-02-02,GBP,NGN,285.65,alpha_vantage
2016-02-03,GBP,NGN,290.02,alpha_vantage
2016-02-04,GBP,NGN,290.41,alpha_vantage
2016-02-05,GBP,NGN,288.82,alpha_vantage
2016-02-08,GBP,NGN,287.32,alpha_vantage
2016-02-09,GBP,NGN,288.15,alpha_vantage
2016-02-10,GBP,NGN,288.97,alpha_vantage
2016-02-11,GBP,NGN,288.4,alpha_vantage
2016-02-12,GBP,NGN,288.88,alpha_vantage
2016-02-15,GBP,NGN,287.46,alpha_vantage
2016-02-16,GBP,NGN,284.75,alpha_vantage
2016-02-17,GBP,NGN,284.57,alpha_vantage
2016-02-18,GBP,NGN,285.56,alpha_vantage
2016-02-19,GBP,NGN,286.92,alpha_vantage
2016-02-22,GBP,NGN,281.83,alpha_vantage
2016-02-23,GBP,NGN,279.31,alpha_vantage
2016-02-24,GBP,NGN,277.47,alpha_vantage
2016-02-25,GBP,NGN,278.01,alpha_vantage
2016-02-26,GBP,NGN,276.26,alpha_vantage
2016-02-29,GBP,NGN,277.43,alpha_vantage
2016-03-01,GBP,NGN,277.84,alpha_vantage
2016-03-02,GBP,NGN,280.38,alpha_vantage
2016-03-03,GBP,NGN,282.27,alpha_vantage
2016-03-04,GBP,NGN,283.36,alpha_vantage
2016-03-07,GBP,NGN,283.78,alpha_vantage
2016-03-08,GBP,NGN,283.01,alpha_vantage
2016-03-09,GBP,NGN,283.09,alpha_vantage
2016-03-10,GBP,NGN,284.12,alpha_vantage
2016-03-11,GBP,NGN,284.96,alpha_vantage
2016-03-14,GBP,NGN,284.79,alpha_vantage
2016-03-15,GBP,NGN,281.97,alpha_vantage
2016-03-16,GBP,NGN,283.15,alpha_vantage
2016-03-17,GBP,NGN,288.27,alpha_vantage
2016-03-18,GBP,NGN,288.13,alpha_vantage
2016-03-21,GBP,NGN,285.93,alpha_vantage
2016-03-22,GBP,NGN,283.04,alpha_vantage
2016-03-23,GBP,NGN,281.18,alpha_vantage
2016-03-24,GBP,NGN,281.23,alpha_vantage
2016-03-25,GBP,NGN,281,alpha_vantage
2016-03-28,GBP,NGN,283.94,alpha_vantage
2016-03-29,GBP,NGN,285.04,alpha_vantage
2016-03-30,GBP,NGN,285.21,alpha_vantage
2016-03-31,GBP,NGN,285.24,alpha_vantage
2016-04-01,GBP,NGN,283.1,alpha_vantage
2016-04-04,GBP,NGN,284.05,alpha_vantage
2016-04-05,GBP,NGN,281.74,alpha_vantage
2016-04-06,GBP,NGN,281.24,alpha_vantage
2016-04-07,GBP,NGN,279.95,alpha_vantage
2016-04-08,GBP,NGN,281.36,alpha_vantage
2016-04-11,GBP,NGN,283.39,alpha_vantage
2016-04-12,GBP,NGN,283.84,alpha_vantage
2016-04-13,GBP,NGN,283.03,alpha_vantage
2016-04-14,GBP,NGN,281.11,alpha_vantage
2016-04-15,GBP,NGN,282.85,alpha_vantage
2016-04-18,GBP,NGN,284.25,alpha_vantage
2016-04-19,GBP,NGN,286.6,alpha_vantage
2016-04-20,GBP,NGN,285.51,alpha_vantage
2016-04-21,GBP,NGN,284.89,alpha_vantage
2016-04-22,GBP,NGN,287.1,alpha_vantage
2016-04-25,GBP,NGN,288.43,alpha_vantage
2016-04-26,GBP,NGN,288.94,alpha_vantage
2016-04-27,GBP,NGN,288.22,alpha_vantage
2016-04-28,GBP,NGN,290.32,alpha_vantage
2016-04-29,GBP,NGN,291.03,alpha_vantage
2016-05-02,GBP,NGN,291.83,alpha_vantage
2016-05-03,GBP,NGN,289.32,alpha_vantage
2016-05-04,GBP,NGN,288.64,alpha_vantage
2016-05-05,GBP,NGN,288.25,alpha_vantage
2016-05-06,GBP,NGN,287.32,alpha_vantage
2016-05-09,GBP,NGN,286.42,alpha_vantage
2016-05-10,GBP,NGN,287.69,alpha_vantage
2016-05-11,GBP,NGN,287.53,alpha_vantage
2016-05-12,GBP,NGN,287.7,alpha_vantage
2016-05-13,GBP,NGN,286.1,alpha_vantage
2016-05-16,GBP,NGN,286.97,alpha_vantage
2016-05-17,GBP,NGN,287.91,alpha_vantage
2016-05-18,GBP,NGN,290.56,alpha_vantage
2016-05-19,GBP,NGN,290.59,alpha_vantage
2016-05-20,GBP,NGN,287.49,alpha_vantage
2016-05-23,GBP,NGN,288.15,alpha_vantage
2016-05-24,GBP,NGN,291.17,alpha_vantage
2016-05-25,GBP,NGN,291.27,alpha_vantage
2016-05-26,GBP,NGN,290.68,alpha_vantage
2016-05-27,GBP,NGN,290.92,alpha_vantage
2016-05-30,GBP,NGN,291.09,alpha_vantage
2016-05-31,GBP,NGN,287.2,alpha_vantage
2016-06-01,GBP,NGN,286.75,alpha_vantage
2016-06-02,GBP,NGN,286.84,alpha_vantage
2016-06-03,GBP,NGN,287.68,alpha_vantage
2016-06-06,GBP,NGN,287.85,alpha_vantage
2016-06-07,GBP,NGN,288.1,alpha_vantage
2016-06-08,GBP,NGN,288.99,alpha_vantage
2016-06-09,GBP,NGN,287.72,alpha_vantage
2016-06-10,GBP,NGN,282.49,alpha_vantage
2016-06-13,GBP,NGN,283.08,alpha_vantage
2016-06-14,GBP,NGN,280.72,alpha_vantage
2016-06-15,GBP,NGN,282.19,alpha_vantage
2016-06-16,GBP,NGN,282.96,alpha_vantage
2016-06-17,GBP,NGN,285.98,alpha_vantage
2016-06-20,GBP,NGN,374.46,alpha_vantage
2016-06-21,GBP,NGN,413.1,alpha_vantage
2016-06-22,GBP,NGN,420.05,alpha_vantage
2016-06-23,GBP,NGN,424.21,alpha_vantage
2016-06-24,GBP,NGN,385.91,alpha_vantage
2016-06-27,GBP,NGN,373.06,alpha_vantage
2016-06-28,GBP,NGN,375.47,alpha_vantage
2016-06-29,GBP,NGN,379.42,alpha_vantage
2016-06-30,GBP,NGN,375.44,alpha_vantage
2016-07-01,GBP,NGN,375.11,alpha_vantage
2016-07-04,GBP,NGN,375.65,alpha_vantage
2016-07-05,GBP,NGN,366.25,alpha_vantage
2016-07-06,GBP,NGN,364.33,alpha_vantage
2016-07-07,GBP,NGN,363.73,alpha_vantage
2016-07-08,GBP,NGN,364.08,alpha_vantage
2016-07-11,GBP,NGN,367.74,alpha_vantage
2016-07-12,GBP,NGN,374.89,alpha_vantage
2016-07-13,GBP,NGN,371.25,alpha_vantage
2016-07-14,GBP,NGN,377.02,alpha_vantage
2016-07-15,GBP,NGN,375.61,alpha_vantage
2016-07-18,GBP,NGN,391.66,alpha_vantage
2016-07-19,GBP,NGN,384.33,alpha_vantage
2016-07-20,GBP,NGN,389.75,alpha_vantage
2016-07-21,GBP,NGN,388.45,alpha_vantage
2016-07-22,GBP,NGN,400.12,alpha_vantage
2016-07-25,GBP,NGN,405.53,alpha_vantage
2016-07-26,GBP,NGN,410.08,alpha_vantage
2016-07-27,GBP,NGN,415.82,alpha_vantage
2016-07-28,GBP,NGN,414.81,alpha_vantage
2016-07-29,GBP,NGN,422.62,alpha_vantage
2016-08-01,GBP,NGN,421.58,alpha_vantage
2016-08-02,GBP,NGN,423.68,alpha_vantage
2016-08-03,GBP,NGN,426.56,alpha_vantage
2016-08-04,GBP,NGN,414.08,alpha_vantage
2016-08-05,GBP,NGN,417.23,alpha_vantage
2016-08-08,GBP,NGN,412.83,alpha_vantage
2016-08-09,GBP,NGN,415.74,alpha_vantage
2016-08-10,GBP,NGN,418.72,alpha_vantage
2016-08-11,GBP,NGN,414.79,alpha_vantage
2016-08-12,GBP,NGN,400.7,alpha_vantage
2016-08-15,GBP,NGN,400.19,alpha_vantage
2016-08-16,GBP,NGN,411.09,alpha_vantage
2016-08-17,GBP,NGN,418.89,alpha_vantage
2016-08-18,GBP,NGN,460.86,alpha_vantage
2016-08-19,GBP,NGN,444.75,alpha_vantage
2016-08-22,GBP,NGN,432.41,alpha_vantage
2016-08-23,GBP,NGN,435.71,alpha_vantage
2016-08-24,GBP,NGN,436.91,alpha_vantage
2016-08-25,GBP,NGN,415.65,alpha_vantage
2016-08-26,GBP,NGN,413.7,alpha_vantage
2016-08-29,GBP,NGN,413.02,alpha_vantage
2016-08-30,GBP,NGN,397.8,alpha_vantage
2016-08-31,GBP,NGN,400.4,alpha_vantage
2016-09-01,GBP,NGN,405.1,alpha_vantage
2016-09-02,GBP,NGN,404.68,alpha_vantage
2016-09-05,GBP,NGN,421.83,alpha_vantage
2016-09-06,GBP,NGN,409,alpha_vantage
2016-09-07,GBP,NGN,406.37,alpha_vantage
2016-09-08,GBP,NGN,404.44,alpha_vantage
2016-09-09,GBP,NGN,403.77,alpha_vantage
2016-09-12,GBP,NGN,406.27,alpha_vantage
2016-09-13,GBP,NGN,401.9,alpha_vantage
2016-09-14,GBP,NGN,403.1,alpha_vantage
2016-09-15,GBP,NGN,403.3,alpha_vantage
2016-09-16,GBP,NGN,395.45,alpha_vantage
2016-09-19,GBP,NGN,396.88,alpha_vantage
2016-09-20,GBP,NGN,397.28,alpha_vantage
2016-09-21,GBP,NGN,396.85,alpha_vantage
2016-09-22,GBP,NGN,398.11,alpha_vantage
2016-09-23,GBP,NGN,395.31,alpha_vantage
2016-09-26,GBP,NGN,395.51,alpha_vantage
2016-09-27,GBP,NGN,396.44,alpha_vantage
2016-09-28,GBP,NGN,396.95,alpha_vantage
2016-09-29,GBP,NGN,395.5,alpha_vantage
2016-09-30,GBP,NGN,395.71,alpha_vantage
2016-10-03,GBP,NGN,391.53,alpha_vantage
2016-10-04,GBP,NGN,387.96,alpha_vantage
2016-10-05,GBP,NGN,388.22,alpha_vantage
2016-10-06,GBP,NGN,384.22,alpha_vantage
2016-10-07,GBP,NGN,378.61,alpha_vantage
2016-10-10,GBP,NGN,376.32,alpha_vantage
2016-10-11,GBP,NGN,369.46,alpha_vantage
2016-10-12,GBP,NGN,371.49,alpha_vantage
2016-10-13,GBP,NGN,372.95,alpha_vantage
2016-10-14,GBP,NGN,370.97,alpha_vantage
2016-10-17,GBP,NGN,370.99,alpha_vantage
2016-10-18,GBP,NGN,374.35,alpha_vantage
2016-10-19,GBP,NGN,374.43,alpha_vantage
2016-10-20,GBP,NGN,373.58,alpha_vantage
2016-10-21,GBP,NGN,372.52,alpha_vantage
2016-10-24,GBP,NGN,372.15,alpha_vantage
2016-10-25,GBP,NGN,371.41,alpha_vantage
2016-10-26,GBP,NGN,372.99,alpha_vantage
2016-10-27,GBP,NGN,386.58,alpha_vantage
2016-10-28,GBP,NGN,371.7,alpha_vantage
2016-10-31,GBP,NGN,373.1,alpha_vantage
2016-11-01,GBP,NGN,373.28,alpha_vantage
2016-11-02,GBP,NGN,375,alpha_vantage
2016-11-14,GBP,NGN,394.91,alpha_vantage
2016-11-15,GBP,NGN,392.67,alpha_vantage
2016-11-17,GBP,NGN,392.83,alpha_vantage
2016-11-18,GBP,NGN,391.21,alpha_vantage
2016-11-21,GBP,NGN,395.4,alpha_vantage
2016-11-24,GBP,NGN,393.61,alpha_vantage
2016-11-25,GBP,NGN,392.55,alpha_vantage
2016-11-28,GBP,NGN,391.6,alpha_vantage
2016-11-29,GBP,NGN,394.04,alpha_vantage
2016-11-30,GBP,NGN,394.48,alpha_vantage
2016-12-01,GBP,NGN,398.54,alpha_vantage
2016-12-02,GBP,NGN,399.83,alpha_vantage
2016-12-06,GBP,NGN,401.18,alpha_vantage
2016-12-07,GBP,NGN,398.1,alpha_vantage
2016-12-08,GBP,NGN,398.4,alpha_vantage
2016-12-09,GBP,NGN,397.93,alpha_vantage
2016-12-12,GBP,NGN,401.03,alpha_vantage
2016-12-13,GBP,NGN,401.14,alpha_vantage
2016-12-14,GBP,NGN,401.85,alpha_vantage
2016-12-15,GBP,NGN,393.68,alpha_vantage
2016-12-16,GBP,NGN,395.9,alpha_vantage
2016-12-19,GBP,NGN,392.93,alpha_vantage
2016-12-20,GBP,NGN,391.53,alpha_vantage
2016-12-21,GBP,NGN,376.79,alpha_vantage
2016-12-22,GBP,NGN,374.27,alpha_vantage
2016-12-23,GBP,NGN,388.58,alpha_vantage
2016-12-26,GBP,NGN,373.8,alpha_vantage
2016-12-27,GBP,NGN,373.83,alpha_vantage
2016-12-28,GBP,NGN,372.46,alpha_vantage
2016-12-29,GBP,NGN,373.57,alpha_vantage
2016-12-30,GBP,NGN,375.42,alpha_vantage
2017-01-02,GBP,NGN,373.76,alpha_vantage
2017-01-03,GBP,NGN,372.39,alpha_vantage
2017-01-04,GBP,NGN,375.06,alpha_vantage
2017-01-05,GBP,NGN,377.99,alpha_vantage
2017-01-06,GBP,NGN,374.03,alpha_vantage
2017-01-09,GBP,NGN,370.52,alpha_vantage
2017-01-10,GBP,NGN,370.68,alpha_vantage
2017-01-11,GBP,NGN,386.16,alpha_vantage
2017-01-12,GBP,NGN,385.7,alpha_vantage
2017-01-13,GBP,NGN,386.07,alpha_vantage
2017-01-16,GBP,NGN,381.46,alpha_vantage
2017-01-17,GBP,NGN,392.41,alpha_vantage
2017-01-18,GBP,NGN,388.99,alpha_vantage
2017-01-19,GBP,NGN,390.96,alpha_vantage
2017-01-20,GBP,NGN,392.75,alpha_vantage
2017-01-23,GBP,NGN,397.83,alpha_vantage
2017-01-25,GBP,NGN,399.93,alpha_vantage
2017-01-26,GBP,NGN,399.77,alpha_vantage
2017-01-27,GBP,NGN,398.78,alpha_vantage
2017-01-31,GBP,NGN,399.28,alpha_vantage
2017-02-01,GBP,NGN,401.77,alpha_vantage
2017-02-02,GBP,NGN,397.77,alpha_vantage
2017-02-03,GBP,NGN,396.17,alpha_vantage
2017-02-06,GBP,NGN,396.01,alpha_vantage
2017-02-07,GBP,NGN,397,alpha_vantage
2017-02-08,GBP,NGN,397.56,alpha_vantage
2017-02-09,GBP,NGN,396.7,alpha_vantage
2017-02-10,GBP,NGN,396.39,alpha_vantage
2017-02-13,GBP,NGN,396.89,alpha_vantage
2017-02-14,GBP,NGN,395.25,alpha_vantage
2017-02-15,GBP,NGN,395.84,alpha_vantage
2017-02-16,GBP,NGN,396.86,alpha_vantage
2017-02-17,GBP,NGN,394.69,alpha_vantage
2017-02-21,GBP,NGN,395.94,alpha_vantage
2017-02-22,GBP,NGN,395.43,alpha_vantage
2017-02-23,GBP,NGN,398.09,alpha_vantage
2017-02-24,GBP,NGN,395.55,alpha_vantage
2017-02-27,GBP,NGN,394.92,alpha_vantage
2017-02-28,GBP,NGN,393.81,alpha_vantage
2017-03-07,GBP,NGN,387.34,alpha_vantage
2017-03-08,GBP,NGN,386.17,alpha_vantage
2017-03-09,GBP,NGN,386.52,alpha_vantage
2017-03-10,GBP,NGN,386.06,alpha_vantage
2017-03-13,GBP,NGN,387.24,alpha_vantage
2017-03-14,GBP,NGN,384.52,alpha_vantage
2017-03-15,GBP,NGN,390.01,alpha_vantage
2017-03-16,GBP,NGN,391.92,alpha_vantage
2017-03-17,GBP,NGN,393.44,alpha_vantage
2017-03-20,GBP,NGN,392.2,alpha_vantage
2017-03-21,GBP,NGN,394.77,alpha_vantage
2017-03-22,GBP,NGN,394.95,alpha_vantage
2017-03-23,GBP,NGN,397.35,alpha_vantage
2017-03-24,GBP,NGN,396.83,alpha_vantage
2017-03-27,GBP,NGN,397.54,alpha_vantage
2017-03-28,GBP,NGN,395.38,alpha_vantage
2017-03-29,GBP,NGN,393.59,alpha_vantage
2017-03-30,GBP,NGN,395.9,alpha_vantage
2017-03-31,GBP,NGN,397.69,alpha_vantage
2017-04-03,GBP,NGN,394.88,alpha_vantage
2017-04-04,GBP,NGN,394.91,alpha_vantage
2017-04-05,GBP,NGN,396.57,alpha_vantage
2017-04-06,GBP,NGN,396.3,alpha_vantage
2017-04-07,GBP,NGN,392.79,alpha_vantage
2017-04-10,GBP,NGN,392.92,alpha_vantage
2017-04-11,GBP,NGN,396.21,alpha_vantage
2017-04-12,GBP,NGN,395.69,alpha_vantage
2017-04-13,GBP,NGN,395.68,alpha_vantage
2017-04-14,GBP,NGN,396.44,alpha_vantage
2017-04-17,GBP,NGN,397.41,alpha_vantage
2017-04-18,GBP,NGN,402.28,alpha_vantage
2017-04-19,GBP,NGN,404.53,alpha_vantage
2017-04-20,GBP,NGN,406.86,alpha_vantage
2017-04-21,GBP,NGN,406.28,alpha_vantage
2017-04-24,GBP,NGN,404.66,alpha_vantage
2017-04-25,GBP,NGN,406.09,alpha_vantage
2017-04-26,GBP,NGN,406.4,alpha_vantage
2017-04-27,GBP,NGN,406.34,alpha_vantage
2017-05-01,GBP,NGN,407.84,alpha_vantage
2017-05-02,GBP,NGN,409.29,alpha_vantage
2017-05-03,GBP,NGN,408.71,alpha_vantage
2017-05-04,GBP,NGN,410.26,alpha_vantage
2017-05-05,GBP,NGN,410.7,alpha_vantage
2017-05-08,GBP,NGN,411.13,alpha_vantage
2017-05-09,GBP,NGN,410.28,alpha_vantage
2017-05-10,GBP,NGN,410.65,alpha_vantage
2017-05-11,GBP,NGN,407.85,alpha_vantage
2017-05-12,GBP,NGN,408.97,alpha_vantage
2017-05-15,GBP,NGN,409.16,alpha_vantage
2017-05-24,GBP,NGN,417.61,alpha_vantage
2017-05-25,GBP,NGN,418.42,alpha_vantage
2017-05-30,GBP,NGN,418.08,alpha_vantage
2017-06-02,GBP,NGN,417.99,alpha_vantage
2017-06-05,GBP,NGN,419.45,alpha_vantage
2017-06-08,GBP,NGN,413.53,alpha_vantage
2017-06-09,GBP,NGN,412.83,alpha_vantage
2017-06-12,GBP,NGN,409.37,alpha_vantage
2017-06-14,GBP,NGN,415.12,alpha_vantage
2017-06-15,GBP,NGN,413.22,alpha_vantage
2017-06-16,GBP,NGN,414.57,alpha_vantage
2017-06-20,GBP,NGN,409.84,alpha_vantage
2017-06-28,GBP,NGN,453.19,alpha_vantage
2017-06-29,GBP,NGN,455.39,alpha_vantage
2017-07-04,GBP,NGN,406.75,alpha_vantage
2017-07-10,GBP,NGN,450.67,alpha_vantage
2017-07-11,GBP,NGN,448.87,alpha_vantage
2017-07-12,GBP,NGN,451.47,alpha_vantage
2017-07-13,GBP,NGN,451.9,alpha_vantage
2017-07-14,GBP,NGN,458.26,alpha_vantage
2017-07-17,GBP,NGN,456.12,alpha_vantage
2017-07-19,GBP,NGN,456.1,alpha_vantage
2017-07-20,GBP,NGN,451.29,alpha_vantage
2017-07-26,GBP,NGN,457.16,alpha_vantage
2017-07-27,GBP,NGN,458.3,alpha_vantage
2017-08-01,GBP,NGN,483.16,alpha_vantage
2017-08-02,GBP,NGN,483.25,alpha_vantage
2017-08-03,GBP,NGN,477.89,alpha_vantage
2017-08-04,GBP,NGN,473.96,alpha_vantage
2017-08-07,GBP,NGN,475.2,alpha_vantage
2017-08-08,GBP,NGN,471.8,alpha_vantage
2017-08-11,GBP,NGN,473.98,alpha_vantage
2017-08-23,GBP,NGN,465.17,alpha_vantage
2017-08-24,GBP,NGN,470.27,alpha_vantage
2017-09-05,GBP,NGN,467.85,alpha_vantage
2017-09-06,GBP,NGN,473.28,alpha_vantage
2017-09-14,GBP,NGN,474.81,alpha_vantage
2017-09-18,GBP,NGN,485.98,alpha_vantage
2017-09-21,GBP,NGN,482.04,alpha_vantage
2017-09-22,GBP,NGN,481.63,alpha_vantage
2017-10-03,GBP,NGN,470.79,alpha_vantage
2017-10-04,GBP,NGN,472,alpha_vantage
2017-10-18,GBP,NGN,470.51,alpha_vantage
2017-10-19,GBP,NGN,468.64,alpha_vantage
2017-10-20,GBP,NGN,473.19,alpha_vantage
2017-10-23,GBP,NGN,473.03,alpha_vantage
2017-10-24,GBP,NGN,468.77,alpha_vantage
2017-10-25,GBP,NGN,473.77,alpha_vantage
2017-10-26,GBP,NGN,469.19,alpha_vantage
2017-10-27,GBP,NGN,467.14,alpha_vantage
2017-10-30,GBP,NGN,474.88,alpha_vantage
2017-10-31,GBP,NGN,476.05,alpha_vantage
2017-11-01,GBP,NGN,472.55,alpha_vantage
2017-11-02,GBP,NGN,467,alpha_vantage
2017-11-03,GBP,NGN,466.16,alpha_vantage
2017-11-06,GBP,NGN,468.3,alpha_vantage
2017-11-07,GBP,NGN,468.68,alpha_vantage
2017-11-08,GBP,NGN,465.57,alpha_vantage
2017-11-09,GBP,NGN,467.48,alpha_vantage
2017-11-10,GBP,NGN,468.78,alpha_vantage
2017-11-13,GBP,NGN,471.49,alpha_vantage
2017-11-14,GBP,NGN,473.37,alpha_vantage
2017-11-15,GBP,NGN,473.66,alpha_vantage
2017-11-16,GBP,NGN,474.87,alpha_vantage
2017-11-17,GBP,NGN,476.2,alpha_vantage
2017-11-20,GBP,NGN,474.84,alpha_vantage
2017-11-21,GBP,NGN,476.53,alpha_vantage
2017-11-22,GBP,NGN,479.3,alpha_vantage
2017-11-23,GBP,NGN,478.64,alpha_vantage
2017-11-24,GBP,NGN,479.74,alpha_vantage
2017-11-27,GBP,NGN,479.89,alpha_vantage
2017-11-28,GBP,NGN,476.67,alpha_vantage
2017-11-29,GBP,NGN,482.78,alpha_vantage
2017-11-30,GBP,NGN,486.66,alpha_vantage
2017-12-01,GBP,NGN,484.92,alpha_vantage
2017-12-04,GBP,NGN,485.08,alpha_vantage
2017-12-05,GBP,NGN,484.55,alpha_vantage
2017-12-06,GBP,NGN,480.96,alpha_vantage
2017-12-07,GBP,NGN,484.62,alpha_vantage
2017-12-08,GBP,NGN,482.67,alpha_vantage
2017-12-11,GBP,NGN,480.43,alpha_vantage
2017-12-12,GBP,NGN,478.97,alpha_vantage
2017-12-13,GBP,NGN,481.5,alpha_vantage
2017-12-14,GBP,NGN,484.44,alpha_vantage
2017-12-15,GBP,NGN,480.32,alpha_vantage
2017-12-18,GBP,NGN,481.53,alpha_vantage
2017-12-19,GBP,NGN,482.5,alpha_vantage
2017-12-20,GBP,NGN,482.09,alpha_vantage
2017-12-21,GBP,NGN,481.77,alpha_vantage
2017-12-22,GBP,NGN,480.55,alpha_vantage
2017-12-26,GBP,NGN,480.18,alpha_vantage
2017-12-27,GBP,NGN,482.15,alpha_vantage
2017-12-28,GBP,NGN,483.98,alpha_vantage
2017-12-29,GBP,NGN,486.13,alpha_vantage
2018-01-02,GBP,NGN,488.62,alpha_vantage
2018-01-03,GBP,NGN,487.08,alpha_vantage
2018-01-04,GBP,NGN,488.06,alpha_vantage
2018-01-05,GBP,NGN,488.31,alpha_vantage
2018-01-08,GBP,NGN,487.6,alpha_vantage
2018-01-09,GBP,NGN,487,alpha_vantage
2018-01-10,GBP,NGN,486.91,alpha_vantage
2018-01-11,GBP,NGN,487.22,alpha_vantage
2018-01-12,GBP,NGN,494.06,alpha_vantage
2018-01-16,GBP,NGN,497.07,alpha_vantage
2018-01-17,GBP,NGN,500.62,alpha_vantage
2018-01-18,GBP,NGN,500.25,alpha_vantage
2018-01-19,GBP,NGN,499.11,alpha_vantage
2018-01-22,GBP,NGN,502.6,alpha_vantage
2018-01-23,GBP,NGN,503.51,alpha_vantage
2018-01-24,GBP,NGN,512.63,alpha_vantage
2018-01-25,GBP,NGN,509.92,alpha_vantage
2018-01-26,GBP,NGN,509.47,alpha_vantage
2018-01-29,GBP,NGN,506.51,alpha_vantage
2018-01-30,GBP,NGN,509.32,alpha_vantage
2018-01-31,GBP,NGN,510.74,alpha_vantage
2018-02-01,GBP,NGN,512.97,alpha_vantage
2018-02-02,GBP,NGN,508.28,alpha_vantage
2018-02-05,GBP,NGN,502.95,alpha_vantage
2018-02-06,GBP,NGN,502.86,alpha_vantage
2018-02-07,GBP,NGN,499.63,alpha_vantage
2018-02-08,GBP,NGN,501.01,alpha_vantage
2018-02-09,GBP,NGN,498.45,alpha_vantage
2018-02-12,GBP,NGN,498.66,alpha_vantage
2018-02-13,GBP,NGN,501.25,alpha_vantage
2018-02-14,GBP,NGN,504.07,alpha_vantage
2018-02-15,GBP,NGN,507.07,alpha_vantage
2018-02-16,GBP,NGN,506.27,alpha_vantage
2018-02-20,GBP,NGN,504.42,alpha_vantage
2018-02-21,GBP,NGN,501.12,alpha_vantage
2018-02-22,GBP,NGN,503.74,alpha_vantage
2018-02-23,GBP,NGN,502.86,alpha_vantage
2018-02-26,GBP,NGN,502.68,alpha_vantage
2018-02-27,GBP,NGN,501.3,alpha_vantage
2018-02-28,GBP,NGN,496.84,alpha_vantage
2018-03-01,GBP,NGN,496.45,alpha_vantage
2018-03-02,GBP,NGN,496.74,alpha_vantage
2018-03-05,GBP,NGN,498.26,alpha_vantage
2018-03-06,GBP,NGN,501.25,alpha_vantage
2018-03-07,GBP,NGN,499.73,alpha_vantage
2018-03-08,GBP,NGN,497.22,alpha_vantage
2018-03-09,GBP,NGN,498.22,alpha_vantage
2018-03-12,GBP,NGN,499.79,alpha_vantage
2018-03-13,GBP,NGN,501.88,alpha_vantage
2018-03-14,GBP,NGN,502.6,alpha_vantage
2018-03-15,GBP,NGN,501.49,alpha_vantage
2018-03-16,GBP,NGN,501.7,alpha_vantage
2018-03-19,GBP,NGN,504.04,alpha_vantage
2018-03-20,GBP,NGN,503.95,alpha_vantage
2018-03-21,GBP,NGN,509.13,alpha_vantage
2018-03-23,GBP,NGN,509.14,alpha_vantage
2018-03-26,GBP,NGN,512.11,alpha_vantage
2018-03-27,GBP,NGN,509.73,alpha_vantage
2018-03-28,GBP,NGN,506.88,alpha_vantage
2018-03-29,GBP,NGN,503.96,alpha_vantage
2018-03-30,GBP,NGN,504.28,alpha_vantage
2018-04-02,GBP,NGN,505.02,alpha_vantage
2018-04-03,GBP,NGN,506.17,alpha_vantage
2018-04-04,GBP,NGN,504.6,alpha_vantage
2018-04-05,GBP,NGN,503.16,alpha_vantage
2018-04-06,GBP,NGN,507.15,alpha_vantage
2018-04-09,GBP,NGN,509.3,alpha_vantage
2018-04-10,GBP,NGN,510.2,alpha_vantage
2018-04-11,GBP,NGN,509.53,alpha_vantage
2018-04-12,GBP,NGN,512.07,alpha_vantage
2018-04-13,GBP,NGN,512.54,alpha_vantage
2018-04-16,GBP,NGN,516.02,alpha_vantage
2018-04-17,GBP,NGN,514.86,alpha_vantage
2018-04-18,GBP,NGN,510.54,alpha_vantage
2018-04-19,GBP,NGN,510.9,alpha_vantage
2018-04-20,GBP,NGN,504.21,alpha_vantage
2018-04-23,GBP,NGN,501.25,alpha_vantage
2018-04-24,GBP,NGN,502.32,alpha_vantage
2018-04-25,GBP,NGN,500.78,alpha_vantage
2018-04-26,GBP,NGN,500.32,alpha_vantage
2018-04-27,GBP,NGN,495.94,alpha_vantage
2018-04-30,GBP,NGN,494.05,alpha_vantage
2018-05-01,GBP,NGN,489.99,alpha_vantage
2018-05-02,GBP,NGN,488.36,alpha_vantage
2018-05-03,GBP,NGN,488.51,alpha_vantage
2018-05-04,GBP,NGN,486.47,alpha_vantage
2018-05-07,GBP,NGN,487.24,alpha_vantage
2018-05-08,GBP,NGN,486.34,alpha_vantage
2018-05-09,GBP,NGN,489.22,alpha_vantage
2018-05-10,GBP,NGN,486.95,alpha_vantage
2018-05-11,GBP,NGN,488.08,alpha_vantage
2018-05-14,GBP,NGN,490.41,alpha_vantage
2018-05-15,GBP,NGN,487.34,alpha_vantage
2018-05-21,GBP,NGN,484.76,alpha_vantage
2018-05-23,GBP,NGN,480.23,alpha_vantage
2018-05-24,GBP,NGN,483.3,alpha_vantage
2018-05-25,GBP,NGN,480.35,alpha_vantage
2018-05-29,GBP,NGN,479.09,alpha_vantage
2018-05-30,GBP,NGN,479.6,alpha_vantage
2018-05-31,GBP,NGN,479.77,alpha_vantage
2018-06-01,GBP,NGN,480.76,alpha_vantage
2018-06-04,GBP,NGN,479.8,alpha_vantage
2018-06-05,GBP,NGN,483.08,alpha_vantage
2018-06-06,GBP,NGN,483.31,alpha_vantage
2018-06-07,GBP,NGN,483.58,alpha_vantage
2018-06-08,GBP,NGN,483.98,alpha_vantage
2018-06-12,GBP,NGN,482.02,alpha_vantage
2018-06-13,GBP,NGN,482.25,alpha_vantage
2018-06-14,GBP,NGN,478.01,alpha_vantage
2018-06-15,GBP,NGN,478.48,alpha_vantage
2018-06-18,GBP,NGN,477.45,alpha_vantage
2018-06-19,GBP,NGN,474.01,alpha_vantage
2018-06-20,GBP,NGN,476.39,alpha_vantage
2018-06-21,GBP,NGN,477.41,alpha_vantage
2018-06-22,GBP,NGN,476.65,alpha_vantage
2018-06-25,GBP,NGN,477.99,alpha_vantage
2018-06-26,GBP,NGN,475.31,alpha_vantage
2018-06-27,GBP,NGN,471.3,alpha_vantage
2018-06-28,GBP,NGN,471.04,alpha_vantage
2018-07-02,GBP,NGN,472.76,alpha_vantage
2018-07-03,GBP,NGN,474.82,alpha_vantage
2018-07-05,GBP,NGN,476.58,alpha_vantage
2018-07-06,GBP,NGN,478.68,alpha_vantage
2018-07-09,GBP,NGN,476.94,alpha_vantage
2018-07-10,GBP,NGN,478.62,alpha_vantage
2018-07-11,GBP,NGN,476.01,alpha_vantage
2018-07-12,GBP,NGN,476.5,alpha_vantage
2018-07-13,GBP,NGN,476.98,alpha_vantage
2018-07-16,GBP,NGN,477.95,alpha_vantage
2018-07-17,GBP,NGN,473.1,alpha_vantage
2018-07-18,GBP,NGN,471.79,alpha_vantage
2018-07-19,GBP,NGN,469.82,alpha_vantage
2018-07-20,GBP,NGN,473.92,alpha_vantage
2018-07-30,GBP,NGN,474.03,alpha_vantage
2018-07-31,GBP,NGN,472.53,alpha_vantage
2018-08-01,GBP,NGN,473.66,alpha_vantage
2018-08-02,GBP,NGN,469.19,alpha_vantage
2018-08-03,GBP,NGN,469.88,alpha_vantage
2018-08-06,GBP,NGN,466.47,alpha_vantage
2018-08-07,GBP,NGN,465.71,alpha_vantage
2018-08-08,GBP,NGN,464.34,alpha_vantage
2018-08-09,GBP,NGN,462.24,alpha_vantage
2018-08-10,GBP,NGN,460.27,alpha_vantage
2018-08-13,GBP,NGN,460,alpha_vantage
2018-08-14,GBP,NGN,458.4,alpha_vantage
2018-08-15,GBP,NGN,457.66,alpha_vantage
2018-08-16,GBP,NGN,458.16,alpha_vantage
2018-08-17,GBP,NGN,459.75,alpha_vantage
2018-08-20,GBP,NGN,461.23,alpha_vantage
2018-08-21,GBP,NGN,467.01,alpha_vantage
2018-08-22,GBP,NGN,466.44,alpha_vantage
2018-08-23,GBP,NGN,464.44,alpha_vantage
2018-08-24,GBP,NGN,465.93,alpha_vantage
2018-09-11,GBP,NGN,471.07,alpha_vantage
2018-09-12,GBP,NGN,469.34,alpha_vantage
2018-09-13,GBP,NGN,475.76,alpha_vantage
2018-09-14,GBP,NGN,473.52,alpha_vantage
2018-09-17,GBP,NGN,475.36,alpha_vantage
2018-09-18,GBP,NGN,477.01,alpha_vantage
2018-09-19,GBP,NGN,474.89,alpha_vantage
2018-09-20,GBP,NGN,479.87,alpha_vantage
2018-09-21,GBP,NGN,473.62,alpha_vantage
2018-09-24,GBP,NGN,477.38,alpha_vantage
2018-09-25,GBP,NGN,478.39,alpha_vantage
2018-09-26,GBP,NGN,478.71,alpha_vantage
2018-09-27,GBP,NGN,474.57,alpha_vantage
2018-09-28,GBP,NGN,472.43,alpha_vantage
2018-10-01,GBP,NGN,473.2,alpha_vantage
2018-10-02,GBP,NGN,471.02,alpha_vantage
2018-10-03,GBP,NGN,472.01,alpha_vantage
2018-10-04,GBP,NGN,473.08,alpha_vantage
2018-10-05,GBP,NGN,476.74,alpha_vantage
2018-10-09,GBP,NGN,476.75,alpha_vantage
2018-10-10,GBP,NGN,479.04,alpha_vantage
2018-10-11,GBP,NGN,480.29,alpha_vantage
2018-10-12,GBP,NGN,477.29,alpha_vantage
2018-10-15,GBP,NGN,478.64,alpha_vantage
2018-10-16,GBP,NGN,479.04,alpha_vantage
2018-10-17,GBP,NGN,478.06,alpha_vantage
2018-10-18,GBP,NGN,473.83,alpha_vantage
2018-10-19,GBP,NGN,474.93,alpha_vantage
2018-10-22,GBP,NGN,471.33,alpha_vantage
2018-10-23,GBP,NGN,471.98,alpha_vantage
2018-10-24,GBP,NGN,468.8,alpha_vantage
2018-10-25,GBP,NGN,465.23,alpha_vantage
2018-10-26,GBP,NGN,465.49,alpha_vantage
2018-10-29,GBP,NGN,466.08,alpha_vantage
2018-10-30,GBP,NGN,461.79,alpha_vantage
2018-10-31,GBP,NGN,464.07,alpha_vantage
2018-11-01,GBP,NGN,472.36,alpha_vantage
2018-11-02,GBP,NGN,470.32,alpha_vantage
2018-11-05,GBP,NGN,473.29,alpha_vantage
2018-11-06,GBP,NGN,475.44,alpha_vantage
2018-11-07,GBP,NGN,476.48,alpha_vantage
2018-11-08,GBP,NGN,474.95,alpha_vantage
2018-11-09,GBP,NGN,475.03,alpha_vantage
2018-11-13,GBP,NGN,470.69,alpha_vantage
2018-11-14,GBP,NGN,473.63,alpha_vantage
2018-11-15,GBP,NGN,463.06,alpha_vantage
2018-11-16,GBP,NGN,467.73,alpha_vantage
2018-11-20,GBP,NGN,465.41,alpha_vantage
2018-11-21,GBP,NGN,464.39,alpha_vantage
2018-11-22,GBP,NGN,464.89,alpha_vantage
2018-11-23,GBP,NGN,466.37,alpha_vantage
2018-11-26,GBP,NGN,465.66,alpha_vantage
2018-11-27,GBP,NGN,463.48,alpha_vantage
2018-11-28,GBP,NGN,466.77,alpha_vantage
2018-11-29,GBP,NGN,465.24,alpha_vantage
2018-11-30,GBP,NGN,464.2,alpha_vantage
2018-12-03,GBP,NGN,463.15,alpha_vantage
2018-12-04,GBP,NGN,462.05,alpha_vantage
2018-12-05,GBP,NGN,462.73,alpha_vantage
2018-12-06,GBP,NGN,465.45,alpha_vantage
2018-12-07,GBP,NGN,463.24,alpha_vantage
2018-12-10,GBP,NGN,457.16,alpha_vantage
2018-12-11,GBP,NGN,455.61,alpha_vantage
2018-12-12,GBP,NGN,460.43,alpha_vantage
2018-12-13,GBP,NGN,460.68,alpha_vantage
2018-12-14,GBP,NGN,456.8,alpha_vantage
2018-12-17,GBP,NGN,459.48,alpha_vantage
2018-12-18,GBP,NGN,461.68,alpha_vantage
2018-12-19,GBP,NGN,459.37,alpha_vantage
2018-12-20,GBP,NGN,460.15,alpha_vantage
2018-12-21,GBP,NGN,459.49,alpha_vantage
2018-12-24,GBP,NGN,462.29,alpha_vantage
2018-12-26,GBP,NGN,460.35,alpha_vantage
2018-12-27,GBP,NGN,460.93,alpha_vantage
2018-12-28,GBP,NGN,461.99,alpha_vantage
2018-12-31,GBP,NGN,464.69,alpha_vantage
2019-01-02,GBP,NGN,459.31,alpha_vantage
2019-01-03,GBP,NGN,459.82,alpha_vantage
2019-01-04,GBP,NGN,462.1,alpha_vantage
2019-01-07,GBP,NGN,465.94,alpha_vantage
2019-01-08,GBP,NGN,462.09,alpha_vantage
2019-01-09,GBP,NGN,465.7,alpha_vantage
2019-01-10,GBP,NGN,465.09,alpha_vantage
2019-01-14,GBP,NGN,468.27,alpha_vantage
2019-01-15,GBP,NGN,468.27,alpha_vantage
2019-01-16,GBP,NGN,468.64,alpha_vantage
2019-01-17,GBP,NGN,470.62,alpha_vantage
2019-01-18,GBP,NGN,467.12,alpha_vantage
2019-01-22,GBP,NGN,470.15,alpha_vantage
2019-01-23,GBP,NGN,473.45,alpha_vantage
2019-01-24,GBP,NGN,473.27,alpha_vantage
2019-01-25,GBP,NGN,477.03,alpha_vantage
2019-01-28,GBP,NGN,476.68,alpha_vantage
2019-01-29,GBP,NGN,474.91,alpha_vantage
2019-01-30,GBP,NGN,474.6,alpha_vantage
2019-01-31,GBP,NGN,475.37,alpha_vantage
2019-02-01,GBP,NGN,473.74,alpha_vantage
2019-02-04,GBP,NGN,470.57,alpha_vantage
2019-02-05,GBP,NGN,468.51,alpha_vantage
2019-02-06,GBP,NGN,466.85,alpha_vantage
2019-02-07,GBP,NGN,467.42,alpha_vantage
2019-02-08,GBP,NGN,467.31,alpha_vantage
2019-02-11,GBP,NGN,464.05,alpha_vantage
2019-02-12,GBP,NGN,465.9,alpha_vantage
2019-02-13,GBP,NGN,464.39,alpha_vantage
2019-02-14,GBP,NGN,462.46,alpha_vantage
2019-02-15,GBP,NGN,466.01,alpha_vantage
2019-02-19,GBP,NGN,472.01,alpha_vantage
2019-02-20,GBP,NGN,472.23,alpha_vantage
2019-02-21,GBP,NGN,471.4,alpha_vantage
2019-02-22,GBP,NGN,472.3,alpha_vantage
2019-02-25,GBP,NGN,472.54,alpha_vantage
2019-02-26,GBP,NGN,478.95,alpha_vantage
2019-02-27,GBP,NGN,480.89,alpha_vantage
2019-02-28,GBP,NGN,479.25,alpha_vantage
2019-03-01,GBP,NGN,477.23,alpha_vantage
2019-03-04,GBP,NGN,475.19,alpha_vantage
2019-03-05,GBP,NGN,474.4,alpha_vantage
2019-03-06,GBP,NGN,473.36,alpha_vantage
2019-03-07,GBP,NGN,471.49,alpha_vantage
2019-03-08,GBP,NGN,467.42,alpha_vantage
2019-03-11,GBP,NGN,474.01,alpha_vantage
2019-03-12,GBP,NGN,469.28,alpha_vantage
2019-03-13,GBP,NGN,478.96,alpha_vantage
2019-03-14,GBP,NGN,475.35,alpha_vantage
2019-03-15,GBP,NGN,479.02,alpha_vantage
2019-03-18,GBP,NGN,475.49,alpha_vantage
2019-03-19,GBP,NGN,477.61,alpha_vantage
2019-03-20,GBP,NGN,475.32,alpha_vantage
2019-03-21,GBP,NGN,471.44,alpha_vantage
2019-03-22,GBP,NGN,474.35,alpha_vantage
2019-03-25,GBP,NGN,474.22,alpha_vantage
2019-03-26,GBP,NGN,475.9,alpha_vantage
2019-03-28,GBP,NGN,470.61,alpha_vantage
2019-03-29,GBP,NGN,467.87,alpha_vantage
2019-04-01,GBP,NGN,473.21,alpha_vantage
2019-04-02,GBP,NGN,468.07,alpha_vantage
2019-04-03,GBP,NGN,473.47,alpha_vantage
2019-04-04,GBP,NGN,470.58,alpha_vantage
2019-04-05,GBP,NGN,469.91,alpha_vantage
2019-04-08,GBP,NGN,470.2,alpha_vantage
2019-04-09,GBP,NGN,469.11,alpha_vantage
2019-04-10,GBP,NGN,471.13,alpha_vantage
2019-04-11,GBP,NGN,470.82,alpha_vantage
2019-04-12,GBP,NGN,471.07,alpha_vantage
2019-04-15,GBP,NGN,471.79,alpha_vantage
2019-04-16,GBP,NGN,469.74,alpha_vantage
2019-04-17,GBP,NGN,469.45,alpha_vantage
2019-04-18,GBP,NGN,468.06,alpha_vantage
2019-04-19,GBP,NGN,467.82,alpha_vantage
2019-04-22,GBP,NGN,467.28,alpha_vantage
2019-04-23,GBP,NGN,466.2,alpha_vantage
2019-04-24,GBP,NGN,465.96,alpha_vantage
2019-04-25,GBP,NGN,465.24,alpha_vantage
2019-04-26,GBP,NGN,465.73,alpha_vantage
2019-04-29,GBP,NGN,466.01,alpha_vantage
2019-05-02,GBP,NGN,469.48,alpha_vantage
2019-05-03,GBP,NGN,473.37,alpha_vantage
2019-05-06,GBP,NGN,471.35,alpha_vantage
2019-05-07,GBP,NGN,469.86,alpha_vantage
2019-05-08,GBP,NGN,467.39,alpha_vantage
2019-05-09,GBP,NGN,468.33,alpha_vantage
2019-05-13,GBP,NGN,466.51,alpha_vantage
2019-05-14,GBP,NGN,464.13,alpha_vantage
2019-05-15,GBP,NGN,462.91,alpha_vantage
2019-05-16,GBP,NGN,461.22,alpha_vantage
2019-05-17,GBP,NGN,458.43,alpha_vantage
2019-05-20,GBP,NGN,457.26,alpha_vantage
2019-05-22,GBP,NGN,456.23,alpha_vantage
2019-05-23,GBP,NGN,455.02,alpha_vantage
2019-05-24,GBP,NGN,457.56,alpha_vantage
2019-05-28,GBP,NGN,454.78,alpha_vantage
2019-05-29,GBP,NGN,454.62,alpha_vantage
2019-05-30,GBP,NGN,453.83,alpha_vantage
2019-05-31,GBP,NGN,454.81,alpha_vantage
2019-06-03,GBP,NGN,454.66,alpha_vantage
2019-06-04,GBP,NGN,456.71,alpha_vantage
2019-06-05,GBP,NGN,456.41,alpha_vantage
2019-06-06,GBP,NGN,456.21,alpha_vantage
2019-06-07,GBP,NGN,458.83,alpha_vantage
2019-06-10,GBP,NGN,456.78,alpha_vantage
2019-06-11,GBP,NGN,457.88,alpha_vantage
2019-06-12,GBP,NGN,456.76,alpha_vantage
2019-06-13,GBP,NGN,456.43,alpha_vantage
2019-06-14,GBP,NGN,453.21,alpha_vantage
2019-06-17,GBP,NGN,453.48,alpha_vantage
2019-06-18,GBP,NGN,451.92,alpha_vantage
2019-06-19,GBP,NGN,454.83,alpha_vantage
2019-06-20,GBP,NGN,456.58,alpha_vantage
2019-06-21,GBP,NGN,458.48,alpha_vantage
2019-06-24,GBP,NGN,457.56,alpha_vantage
2019-06-25,GBP,NGN,456.61,alpha_vantage
2019-06-26,GBP,NGN,456.85,alpha_vantage
2019-06-27,GBP,NGN,456.01,alpha_vantage
2019-06-28,GBP,NGN,456.4,alpha_vantage
2019-07-01,GBP,NGN,454.98,alpha_vantage
2019-07-02,GBP,NGN,453.38,alpha_vantage
2019-07-03,GBP,NGN,452.64,alpha_vantage
2019-07-05,GBP,NGN,450.56,alpha_vantage
2019-07-08,GBP,NGN,450,alpha_vantage
2019-07-09,GBP,NGN,447.86,alpha_vantage
2019-07-10,GBP,NGN,450.11,alpha_vantage
2019-07-11,GBP,NGN,450.04,alpha_vantage
2019-07-12,GBP,NGN,451.95,alpha_vantage
2019-07-15,GBP,NGN,449.94,alpha_vantage
2019-07-16,GBP,NGN,446.94,alpha_vantage
2019-07-17,GBP,NGN,447.37,alpha_vantage
2019-07-18,GBP,NGN,451.68,alpha_vantage
2019-07-19,GBP,NGN,449.93,alpha_vantage
2019-07-22,GBP,NGN,448.39,alpha_vantage
2019-07-23,GBP,NGN,447.02,alpha_vantage
2019-07-24,GBP,NGN,448.68,alpha_vantage
2019-07-25,GBP,NGN,447.59,alpha_vantage
2019-07-26,GBP,NGN,445.03,alpha_vantage
2019-07-29,GBP,NGN,441.37,alpha_vantage
2019-07-30,GBP,NGN,437.36,alpha_vantage
2019-07-31,GBP,NGN,439.31,alpha_vantage
2019-08-01,GBP,NGN,435.5,alpha_vantage
2019-08-02,GBP,NGN,439.23,alpha_vantage
2019-08-05,GBP,NGN,439.81,alpha_vantage
2019-08-06,GBP,NGN,442.02,alpha_vantage
2019-08-08,GBP,NGN,439.72,alpha_vantage
2019-08-09,GBP,NGN,437.24,alpha_vantage
2019-08-29,GBP,NGN,441.45,alpha_vantage
2019-08-30,GBP,NGN,440.58,alpha_vantage
2019-09-13,GBP,NGN,449.72,alpha_vantage
2019-09-16,GBP,NGN,447.87,alpha_vantage
2019-09-17,GBP,NGN,448.33,alpha_vantage
2019-09-18,GBP,NGN,449.44,alpha_vantage
2019-09-19,GBP,NGN,448.65,alpha_vantage
2019-09-20,GBP,NGN,450.38,alpha_vantage
2019-09-23,GBP,NGN,449.24,alpha_vantage
2019-09-24,GBP,NGN,450.93,alpha_vantage
2019-09-25,GBP,NGN,445.23,alpha_vantage
2019-09-26,GBP,NGN,445.99,alpha_vantage
2019-09-27,GBP,NGN,445.73,alpha_vantage
2019-09-30,GBP,NGN,444.67,alpha_vantage
2019-10-01,GBP,NGN,445.37,alpha_vantage
2019-10-02,GBP,NGN,445.11,alpha_vantage
2019-10-03,GBP,NGN,445.19,alpha_vantage
2019-10-04,GBP,NGN,445.73,alpha_vantage
2019-10-07,GBP,NGN,445.86,alpha_vantage
2019-10-08,GBP,NGN,440.39,alpha_vantage
2019-10-09,GBP,NGN,439.99,alpha_vantage
2019-10-10,GBP,NGN,442.18,alpha_vantage
2019-10-11,GBP,NGN,456.89,alpha_vantage
2019-10-15,GBP,NGN,462.09,alpha_vantage
2019-10-16,GBP,NGN,463.25,alpha_vantage
2019-10-17,GBP,NGN,463.91,alpha_vantage
2019-10-18,GBP,NGN,467.59,alpha_vantage
2019-10-21,GBP,NGN,468.51,alpha_vantage
2019-10-22,GBP,NGN,467.48,alpha_vantage
2019-10-23,GBP,NGN,466.6,alpha_vantage
2019-10-24,GBP,NGN,465.64,alpha_vantage
2019-10-25,GBP,NGN,463.61,alpha_vantage
2019-10-28,GBP,NGN,464.74,alpha_vantage
2019-10-29,GBP,NGN,463.75,alpha_vantage
2019-10-30,GBP,NGN,467.53,alpha_vantage
2019-10-31,GBP,NGN,469.78,alpha_vantage
2019-11-05,GBP,NGN,466.56,alpha_vantage
2019-11-06,GBP,NGN,465.46,alpha_vantage
2019-11-07,GBP,NGN,463.78,alpha_vantage
2019-11-08,GBP,NGN,462.6,alpha_vantage
2019-11-11,GBP,NGN,464.74,alpha_vantage
2019-11-12,GBP,NGN,463.74,alpha_vantage
2019-11-13,GBP,NGN,464.13,alpha_vantage
2019-11-14,GBP,NGN,464.82,alpha_vantage
2019-11-15,GBP,NGN,466.47,alpha_vantage
2019-11-18,GBP,NGN,469.54,alpha_vantage
2019-11-19,GBP,NGN,467.23,alpha_vantage
2019-11-20,GBP,NGN,468.13,alpha_vantage
2019-11-21,GBP,NGN,467.31,alpha_vantage
2019-11-22,GBP,NGN,464.32,alpha_vantage
2019-11-25,GBP,NGN,467.55,alpha_vantage
2019-11-26,GBP,NGN,466.13,alpha_vantage
2019-11-27,GBP,NGN,467.92,alpha_vantage
2019-11-29,GBP,NGN,468.79,alpha_vantage
2019-12-02,GBP,NGN,468.32,alpha_vantage
2019-12-03,GBP,NGN,470.96,alpha_vantage
2019-12-04,GBP,NGN,473.6,alpha_vantage
2019-12-05,GBP,NGN,476.89,alpha_vantage
2019-12-06,GBP,NGN,476.08,alpha_vantage
2019-12-09,GBP,NGN,475.16,alpha_vantage
2019-12-10,GBP,NGN,477.76,alpha_vantage
2019-12-11,GBP,NGN,476.31,alpha_vantage
2019-12-12,GBP,NGN,475.4,alpha_vantage
2019-12-13,GBP,NGN,483.47,alpha_vantage
2019-12-16,GBP,NGN,483.02,alpha_vantage
2019-12-17,GBP,NGN,476.26,alpha_vantage
2019-12-18,GBP,NGN,472.51,alpha_vantage
2019-12-19,GBP,NGN,470.43,alpha_vantage
2019-12-20,GBP,NGN,470.87,alpha_vantage
2019-12-23,GBP,NGN,467.67,alpha_vantage
2019-12-24,GBP,NGN,469.69,alpha_vantage
2019-12-26,GBP,NGN,469.74,alpha_vantage
2019-12-27,GBP,NGN,474.6,alpha_vantage
2019-12-30,GBP,NGN,474.36,alpha_vantage
2019-12-31,GBP,NGN,479.15,alpha_vantage
2020-01-02,GBP,NGN,475.05,alpha_vantage
2020-01-03,GBP,NGN,472.52,alpha_vantage
2020-01-06,GBP,NGN,477.07,alpha_vantage
2020-01-07,GBP,NGN,475.32,alpha_vantage
2020-01-08,GBP,NGN,474.88,alpha_vantage
2020-01-09,GBP,NGN,473.57,alpha_vantage
2020-01-10,GBP,NGN,472.05,alpha_vantage
2020-01-13,GBP,NGN,470.69,alpha_vantage
2020-01-14,GBP,NGN,471.94,alpha_vantage
2020-01-15,GBP,NGN,472.31,alpha_vantage
2020-01-16,GBP,NGN,472.63,alpha_vantage
2020-01-20,GBP,NGN,471.08,alpha_vantage
2020-01-21,GBP,NGN,472.4,alpha_vantage
2020-01-22,GBP,NGN,475.51,alpha_vantage
2020-01-23,GBP,NGN,474.36,alpha_vantage
2020-01-24,GBP,NGN,473.8,alpha_vantage
2020-01-27,GBP,NGN,473.21,alpha_vantage
2020-01-28,GBP,NGN,472.19,alpha_vantage
2020-01-29,GBP,NGN,471.62,alpha_vantage
2020-01-30,GBP,NGN,473.2,alpha_vantage
2020-01-31,GBP,NGN,477.18,alpha_vantage
2020-02-04,GBP,NGN,473.34,alpha_vantage
2020-02-05,GBP,NGN,472.22,alpha_vantage
2020-02-06,GBP,NGN,469.54,alpha_vantage
2020-02-07,GBP,NGN,470.67,alpha_vantage
2020-02-10,GBP,NGN,470.1,alpha_vantage
2020-02-11,GBP,NGN,470.17,alpha_vantage
2020-02-12,GBP,NGN,470.67,alpha_vantage
2020-02-13,GBP,NGN,474.19,alpha_vantage
2020-02-14,GBP,NGN,472.51,alpha_vantage
2020-02-17,GBP,NGN,472.19,alpha_vantage
2020-02-18,GBP,NGN,472.36,alpha_vantage
2020-02-19,GBP,NGN,470.7,alpha_vantage
2020-02-20,GBP,NGN,468.1,alpha_vantage
2020-02-21,GBP,NGN,471.4,alpha_vantage
2020-02-24,GBP,NGN,469.72,alpha_vantage
2020-02-25,GBP,NGN,474.39,alpha_vantage
2020-02-26,GBP,NGN,472.29,alpha_vantage
2020-02-27,GBP,NGN,471.07,alpha_vantage
2020-02-28,GBP,NGN,468.54,alpha_vantage
2020-03-02,GBP,NGN,464.65,alpha_vantage
2020-03-03,GBP,NGN,467.77,alpha_vantage
2020-03-04,GBP,NGN,469.52,alpha_vantage
2020-03-05,GBP,NGN,473.36,alpha_vantage
2020-03-06,GBP,NGN,474.7,alpha_vantage
2020-03-09,GBP,NGN,480.3,alpha_vantage
2020-03-10,GBP,NGN,476.87,alpha_vantage
2020-03-11,GBP,NGN,468.37,alpha_vantage
2020-03-12,GBP,NGN,458.87,alpha_vantage
2020-03-13,GBP,NGN,449.46,alpha_vantage
2020-03-16,GBP,NGN,448.98,alpha_vantage
2020-03-17,GBP,NGN,441.7,alpha_vantage
2020-03-18,GBP,NGN,427.87,alpha_vantage
2020-04-13,GBP,NGN,484.13,alpha_vantage
2020-04-14,GBP,NGN,486.59,alpha_vantage
2020-04-15,GBP,NGN,483.44,alpha_vantage
2020-04-16,GBP,NGN,482.21,alpha_vantage
2020-04-17,GBP,NGN,483.29,alpha_vantage
2020-04-20,GBP,NGN,485.45,alpha_vantage
2020-04-21,GBP,NGN,478.7,alpha_vantage
2020-04-22,GBP,NGN,480.94,alpha_vantage
2020-04-23,GBP,NGN,481.72,alpha_vantage
2020-04-24,GBP,NGN,482.29,alpha_vantage
2020-04-27,GBP,NGN,484.31,alpha_vantage
2020-04-28,GBP,NGN,484.26,alpha_vantage
2020-04-29,GBP,NGN,486.13,alpha_vantage
2020-04-30,GBP,NGN,490.92,alpha_vantage
2020-05-01,GBP,NGN,488.08,alpha_vantage
2020-05-04,GBP,NGN,484.84,alpha_vantage
2020-05-06,GBP,NGN,481.57,alpha_vantage
2020-05-07,GBP,NGN,481.37,alpha_vantage
2020-05-08,GBP,NGN,483.84,alpha_vantage
2020-05-11,GBP,NGN,480.34,alpha_vantage
2020-05-12,GBP,NGN,478.15,alpha_vantage
2020-05-13,GBP,NGN,476.92,alpha_vantage
2020-05-14,GBP,NGN,476.28,alpha_vantage
2020-05-15,GBP,NGN,469.78,alpha_vantage
2020-05-18,GBP,NGN,475.33,alpha_vantage
2020-05-19,GBP,NGN,477.62,alpha_vantage
2020-05-20,GBP,NGN,475.36,alpha_vantage
2020-05-21,GBP,NGN,476.86,alpha_vantage
2020-05-22,GBP,NGN,475.05,alpha_vantage
2020-05-26,GBP,NGN,481.5,alpha_vantage
2020-05-27,GBP,NGN,478.31,alpha_vantage
2020-05-28,GBP,NGN,477.36,alpha_vantage
2020-05-29,GBP,NGN,476.86,alpha_vantage
2020-06-01,GBP,NGN,484.16,alpha_vantage
2020-06-02,GBP,NGN,485.39,alpha_vantage
2020-06-03,GBP,NGN,486.99,alpha_vantage
2020-06-04,GBP,NGN,488.99,alpha_vantage
2020-06-05,GBP,NGN,493.01,alpha_vantage
2020-06-08,GBP,NGN,492.93,alpha_vantage
2020-06-09,GBP,NGN,493.31,alpha_vantage
2020-06-10,GBP,NGN,493.8,alpha_vantage
2020-06-11,GBP,NGN,488.66,alpha_vantage
2020-06-12,GBP,NGN,485.76,alpha_vantage
2020-06-15,GBP,NGN,488.97,alpha_vantage
2020-06-16,GBP,NGN,487.26,alpha_vantage
2020-06-17,GBP,NGN,486.28,alpha_vantage
2020-06-18,GBP,NGN,481.19,alpha_vantage
2020-06-19,GBP,NGN,478.4,alpha_vantage
2020-06-22,GBP,NGN,483.69,alpha_vantage
2020-06-23,GBP,NGN,484.83,alpha_vantage
2020-06-24,GBP,NGN,481.56,alpha_vantage
2020-06-25,GBP,NGN,481.17,alpha_vantage
2020-06-26,GBP,NGN,478.18,alpha_vantage
2020-06-29,GBP,NGN,476.53,alpha_vantage
2020-06-30,GBP,NGN,480.26,alpha_vantage
2020-07-01,GBP,NGN,483.41,alpha_vantage
2020-07-02,GBP,NGN,483.73,alpha_vantage
2020-07-03,GBP,NGN,483.67,alpha_vantage
2020-07-06,GBP,NGN,483.86,alpha_vantage
2020-07-07,GBP,NGN,486.78,alpha_vantage
2020-07-08,GBP,NGN,488.7,alpha_vantage
2020-07-09,GBP,NGN,488.99,alpha_vantage
2020-07-10,GBP,NGN,489,alpha_vantage
2020-07-13,GBP,NGN,487.37,alpha_vantage
2020-07-14,GBP,NGN,485.98,alpha_vantage
2020-07-15,GBP,NGN,488.22,alpha_vantage
2020-07-16,GBP,NGN,488.16,alpha_vantage
2020-07-17,GBP,NGN,486.52,alpha_vantage
2020-07-20,GBP,NGN,490.96,alpha_vantage
2020-07-21,GBP,NGN,493.33,alpha_vantage
2020-07-22,GBP,NGN,494.19,alpha_vantage
2020-07-23,GBP,NGN,493.56,alpha_vantage
2020-07-24,GBP,NGN,495.77,alpha_vantage
2020-07-27,GBP,NGN,499.38,alpha_vantage
2020-07-28,GBP,NGN,502.15,alpha_vantage
2020-07-29,GBP,NGN,503.26,alpha_vantage
2020-07-30,GBP,NGN,505.19,alpha_vantage
2020-08-03,GBP,NGN,495.97,alpha_vantage
2020-08-06,GBP,NGN,498.01,alpha_vantage
2020-08-07,GBP,NGN,494.15,alpha_vantage
2020-08-10,GBP,NGN,498.46,alpha_vantage
2020-08-13,GBP,NGN,496.46,alpha_vantage
2020-08-17,GBP,NGN,499.17,alpha_vantage
2020-08-18,GBP,NGN,503.75,alpha_vantage
2020-09-09,GBP,NGN,494.35,alpha_vantage
2020-09-10,GBP,NGN,487.57,alpha_vantage
2020-09-11,GBP,NGN,487.29,alpha_vantage
2020-09-21,GBP,NGN,488.16,alpha_vantage
2020-09-22,GBP,NGN,485.28,alpha_vantage
2020-09-24,GBP,NGN,485.04,alpha_vantage
2020-09-25,GBP,NGN,483.87,alpha_vantage
2020-09-28,GBP,NGN,488.29,alpha_vantage
2020-09-30,GBP,NGN,491.44,alpha_vantage
2020-10-01,GBP,NGN,492.9,alpha_vantage
2020-10-13,GBP,NGN,493.06,alpha_vantage
2020-10-14,GBP,NGN,495.99,alpha_vantage
2020-10-15,GBP,NGN,490.17,alpha_vantage
2020-10-16,GBP,NGN,491.93,alpha_vantage
2020-10-19,GBP,NGN,492.65,alpha_vantage
2020-10-20,GBP,NGN,492.22,alpha_vantage
2020-10-21,GBP,NGN,501.74,alpha_vantage
2020-10-22,GBP,NGN,498.81,alpha_vantage
2020-10-23,GBP,NGN,497.07,alpha_vantage
2020-10-26,GBP,NGN,496.11,alpha_vantage
2020-10-27,GBP,NGN,497.35,alpha_vantage
2020-10-28,GBP,NGN,494.09,alpha_vantage
2020-10-29,GBP,NGN,492.03,alpha_vantage
2020-10-30,GBP,NGN,492.64,alpha_vantage
2020-11-02,GBP,NGN,492.16,alpha_vantage
2020-11-03,GBP,NGN,501.14,alpha_vantage
2020-11-06,GBP,NGN,503.66,alpha_vantage
2020-11-09,GBP,NGN,500.1,alpha_vantage
2020-11-10,GBP,NGN,502.78,alpha_vantage
2020-11-12,GBP,NGN,497.43,alpha_vantage
2020-11-13,GBP,NGN,500.18,alpha_vantage
2020-11-16,GBP,NGN,501.13,alpha_vantage
2020-11-17,GBP,NGN,505.79,alpha_vantage
2020-11-18,GBP,NGN,505.85,alpha_vantage
2020-11-19,GBP,NGN,506.1,alpha_vantage
2020-11-20,GBP,NGN,506.03,alpha_vantage
2020-11-23,GBP,NGN,506.88,alpha_vantage
2020-11-24,GBP,NGN,509.26,alpha_vantage
2020-11-25,GBP,NGN,509.65,alpha_vantage
2020-11-26,GBP,NGN,510.82,alpha_vantage
2020-11-27,GBP,NGN,506.04,alpha_vantage
2020-11-30,GBP,NGN,507.97,alpha_vantage
2020-12-01,GBP,NGN,511.22,alpha_vantage
2020-12-02,GBP,NGN,509.19,alpha_vantage
2020-12-03,GBP,NGN,511.13,alpha_vantage
2020-12-04,GBP,NGN,513.73,alpha_vantage
2020-12-07,GBP,NGN,510,alpha_vantage
2020-12-08,GBP,NGN,509.17,alpha_vantage
2020-12-09,GBP,NGN,509.9,alpha_vantage
2020-12-10,GBP,NGN,505.32,alpha_vantage
2020-12-11,GBP,NGN,502.41,alpha_vantage
2020-12-14,GBP,NGN,505.39,alpha_vantage
2020-12-15,GBP,NGN,511.22,alpha_vantage
2020-12-16,GBP,NGN,512.55,alpha_vantage
2020-12-17,GBP,NGN,514.78,alpha_vantage
2020-12-18,GBP,NGN,512.78,alpha_vantage
2020-12-21,GBP,NGN,506.31,alpha_vantage
2020-12-22,GBP,NGN,507.38,alpha_vantage
2020-12-23,GBP,NGN,518.64,alpha_vantage
2020-12-24,GBP,NGN,514.98,alpha_vantage
2020-12-29,GBP,NGN,515,alpha_vantage
2021-01-08,GBP,NGN,516.84,alpha_vantage
2021-01-19,GBP,NGN,517.77,alpha_vantage
2021-01-22,GBP,NGN,521.77,alpha_vantage
2021-01-25,GBP,NGN,522.11,alpha_vantage
2021-01-26,GBP,NGN,522.51,alpha_vantage
2021-01-27,GBP,NGN,520.66,alpha_vantage
2021-02-01,GBP,NGN,520.09,alpha_vantage
2021-02-02,GBP,NGN,519.23,alpha_vantage
2021-02-03,GBP,NGN,518.84,alpha_vantage
2021-02-05,GBP,NGN,522.24,alpha_vantage
2021-02-09,GBP,NGN,522.74,alpha_vantage
2021-02-10,GBP,NGN,526.52,alpha_vantage
2021-02-11,GBP,NGN,525.25,alpha_vantage
2021-02-12,GBP,NGN,527.29,alpha_vantage
2021-02-16,GBP,NGN,529.55,alpha_vantage
2021-02-17,GBP,NGN,526.35,alpha_vantage
2021-02-18,GBP,NGN,531.16,alpha_vantage
2021-02-19,GBP,NGN,533.24,alpha_vantage
2021-02-22,GBP,NGN,535.57,alpha_vantage
2021-02-23,GBP,NGN,536.82,alpha_vantage
2021-02-24,GBP,NGN,536.56,alpha_vantage
2021-02-25,GBP,NGN,537.93,alpha_vantage
2021-03-02,GBP,NGN,531.18,alpha_vantage
2021-03-03,GBP,NGN,531.56,alpha_vantage
2021-03-04,GBP,NGN,530.02,alpha_vantage
2021-03-05,GBP,NGN,526.25,alpha_vantage
2021-03-09,GBP,NGN,527.64,alpha_vantage
2021-03-10,GBP,NGN,528.67,alpha_vantage
2021-03-11,GBP,NGN,531.58,alpha_vantage
2021-03-12,GBP,NGN,530.22,alpha_vantage
2021-03-15,GBP,NGN,528.55,alpha_vantage
2021-03-16,GBP,NGN,527.78,alpha_vantage
2021-03-17,GBP,NGN,527.91,alpha_vantage
2021-03-18,GBP,NGN,529.94,alpha_vantage
2021-03-19,GBP,NGN,527.23,alpha_vantage
2021-03-22,GBP,NGN,526.76,alpha_vantage
2021-03-23,GBP,NGN,523.03,alpha_vantage
2021-03-24,GBP,NGN,520.88,alpha_vantage
2021-03-25,GBP,NGN,523.47,alpha_vantage
2021-03-26,GBP,NGN,523.7,alpha_vantage
2021-03-29,GBP,NGN,522.76,alpha_vantage
2021-03-30,GBP,NGN,521.82,alpha_vantage
2021-03-31,GBP,NGN,525.82,alpha_vantage
2021-04-01,GBP,NGN,527.01,alpha_vantage
2021-04-02,GBP,NGN,526.86,alpha_vantage
2021-04-12,GBP,NGN,522.78,alpha_vantage
2021-04-13,GBP,NGN,525.21,alpha_vantage
2021-04-14,GBP,NGN,524.43,alpha_vantage
2021-04-15,GBP,NGN,525.17,alpha_vantage
2021-04-16,GBP,NGN,526.23,alpha_vantage
2021-04-19,GBP,NGN,532.04,alpha_vantage
2021-04-20,GBP,NGN,530.92,alpha_vantage
2021-04-21,GBP,NGN,530.16,alpha_vantage
2021-04-22,GBP,NGN,527.17,alpha_vantage
2021-04-23,GBP,NGN,528.15,alpha_vantage
2021-04-26,GBP,NGN,528.96,alpha_vantage
2021-04-27,GBP,NGN,527.45,alpha_vantage
2021-04-28,GBP,NGN,528.73,alpha_vantage
2021-04-29,GBP,NGN,530.92,alpha_vantage
2021-04-30,GBP,NGN,525.66,alpha_vantage
2021-05-03,GBP,NGN,529,alpha_vantage
2021-05-04,GBP,NGN,528.28,alpha_vantage
2021-05-05,GBP,NGN,528.79,alpha_vantage
2021-05-06,GBP,NGN,529.26,alpha_vantage
2021-05-07,GBP,NGN,532.17,alpha_vantage
2021-05-10,GBP,NGN,537.19,alpha_vantage
2021-05-11,GBP,NGN,537.96,alpha_vantage
2021-05-12,GBP,NGN,537.42,alpha_vantage
2021-05-13,GBP,NGN,533.73,alpha_vantage
2021-05-14,GBP,NGN,533.7,alpha_vantage
2021-05-17,GBP,NGN,583.27,alpha_vantage
2021-05-18,GBP,NGN,585.06,alpha_vantage
2021-05-19,GBP,NGN,584.15,alpha_vantage
2021-05-20,GBP,NGN,585.16,alpha_vantage
2021-05-21,GBP,NGN,583.53,alpha_vantage
2021-05-24,GBP,NGN,583.78,alpha_vantage
2021-05-25,GBP,NGN,583.05,alpha_vantage
2021-05-26,GBP,NGN,582.52,alpha_vantage
2021-05-28,GBP,NGN,585.32,alpha_vantage
2021-06-01,GBP,NGN,583.57,alpha_vantage
2021-06-02,GBP,NGN,585.44,alpha_vantage
2021-06-04,GBP,NGN,582.66,alpha_vantage
2021-06-08,GBP,NGN,582.88,alpha_vantage
2021-06-09,GBP,NGN,582.73,alpha_vantage
2021-06-10,GBP,NGN,583.93,alpha_vantage
2021-06-14,GBP,NGN,582.02,alpha_vantage
2021-06-15,GBP,NGN,580.73,alpha_vantage
2021-06-16,GBP,NGN,574.1,alpha_vantage
2021-06-17,GBP,NGN,571.65,alpha_vantage
2021-06-18,GBP,NGN,566.7,alpha_vantage
2021-06-21,GBP,NGN,571.95,alpha_vantage
2021-06-22,GBP,NGN,572.39,alpha_vantage
2021-06-23,GBP,NGN,573.08,alpha_vantage
2021-06-24,GBP,NGN,571.43,alpha_vantage
2021-06-25,GBP,NGN,569.75,alpha_vantage
2021-06-28,GBP,NGN,569.82,alpha_vantage
2021-06-29,GBP,NGN,568.08,alpha_vantage
2021-06-30,GBP,NGN,567.73,alpha_vantage
2021-07-01,GBP,NGN,564.73,alpha_vantage
2021-07-02,GBP,NGN,567.79,alpha_vantage
2021-07-05,GBP,NGN,568.43,alpha_vantage
2021-07-06,GBP,NGN,566.5,alpha_vantage
2021-07-07,GBP,NGN,566.42,alpha_vantage
2021-07-08,GBP,NGN,565.77,alpha_vantage
2021-07-09,GBP,NGN,571.96,alpha_vantage
2021-07-12,GBP,NGN,569.79,alpha_vantage
2021-07-13,GBP,NGN,568.4,alpha_vantage
2021-07-14,GBP,NGN,570.28,alpha_vantage
2021-07-15,GBP,NGN,568.33,alpha_vantage
2021-07-16,GBP,NGN,566.2,alpha_vantage
2021-07-19,GBP,NGN,562.75,alpha_vantage
2021-07-20,GBP,NGN,560.56,alpha_vantage
2021-07-21,GBP,NGN,564.18,alpha_vantage
2021-07-22,GBP,NGN,566.45,alpha_vantage
2021-07-23,GBP,NGN,565.82,alpha_vantage
2021-07-26,GBP,NGN,568.67,alpha_vantage
2021-07-27,GBP,NGN,571.46,alpha_vantage
2021-07-28,GBP,NGN,572.14,alpha_vantage
2021-07-29,GBP,NGN,574.47,alpha_vantage
2021-07-30,GBP,NGN,571.97,alpha_vantage
2021-08-02,GBP,NGN,571.62,alpha_vantage
2021-08-03,GBP,NGN,572.48,alpha_vantage
2021-08-04,GBP,NGN,571.59,alpha_vantage
2021-08-05,GBP,NGN,573.15,alpha_vantage
2021-08-06,GBP,NGN,570.75,alpha_vantage
2021-08-09,GBP,NGN,569.74,alpha_vantage
2021-08-10,GBP,NGN,569.36,alpha_vantage
2021-08-11,GBP,NGN,570.53,alpha_vantage
2021-08-12,GBP,NGN,568.13,alpha_vantage
2021-08-13,GBP,NGN,570.44,alpha_vantage
2021-08-16,GBP,NGN,569.39,alpha_vantage
2021-08-17,GBP,NGN,565.31,alpha_vantage
2021-08-18,GBP,NGN,566.46,alpha_vantage
2021-08-19,GBP,NGN,561.67,alpha_vantage
2021-08-20,GBP,NGN,560.86,alpha_vantage
2021-08-23,GBP,NGN,564.71,alpha_vantage
2021-08-24,GBP,NGN,564.77,alpha_vantage
2021-08-25,GBP,NGN,566.31,alpha_vantage
2021-08-26,GBP,NGN,563.69,alpha_vantage
2021-08-27,GBP,NGN,566.67,alpha_vantage
2021-08-30,GBP,NGN,566.34,alpha_vantage
2021-08-31,GBP,NGN,565.89,alpha_vantage
2021-09-01,GBP,NGN,566.61,alpha_vantage
2021-09-02,GBP,NGN,569.15,alpha_vantage
2021-09-03,GBP,NGN,570.21,alpha_vantage
2021-09-06,GBP,NGN,569.23,alpha_vantage
2021-09-07,GBP,NGN,567.18,alpha_vantage
2021-09-08,GBP,NGN,566.4,alpha_vantage
2021-09-09,GBP,NGN,569.21,alpha_vantage
2021-09-10,GBP,NGN,568.9,alpha_vantage
2021-09-13,GBP,NGN,569.12,alpha_vantage
2021-09-14,GBP,NGN,568.14,alpha_vantage
2021-09-15,GBP,NGN,569.58,alpha_vantage
2021-09-16,GBP,NGN,567.33,alpha_vantage
2021-09-17,GBP,NGN,566.16,alpha_vantage
2021-09-20,GBP,NGN,561.79,alpha_vantage
2021-09-21,GBP,NGN,562.02,alpha_vantage
2021-09-22,GBP,NGN,560.28,alpha_vantage
2021-09-23,GBP,NGN,564.48,alpha_vantage
2021-09-24,GBP,NGN,562.17,alpha_vantage
2021-09-27,GBP,NGN,563.77,alpha_vantage
2021-09-28,GBP,NGN,554.44,alpha_vantage
2021-09-29,GBP,NGN,549.92,alpha_vantage
2021-09-30,GBP,NGN,553.53,alpha_vantage
2021-10-01,GBP,NGN,556.35,alpha_vantage
2021-10-04,GBP,NGN,558.9,alpha_vantage
2021-10-05,GBP,NGN,559.5,alpha_vantage
2021-10-06,GBP,NGN,557.88,alpha_vantage
2021-10-07,GBP,NGN,559.54,alpha_vantage
2021-10-08,GBP,NGN,559.34,alpha_vantage
2021-10-11,GBP,NGN,558.78,alpha_vantage
2021-10-12,GBP,NGN,558.19,alpha_vantage
2021-10-13,GBP,NGN,561.11,alpha_vantage
2021-10-14,GBP,NGN,561.9,alpha_vantage
2021-10-15,GBP,NGN,565.24,alpha_vantage
2021-10-18,GBP,NGN,563.54,alpha_vantage
2021-10-19,GBP,NGN,566.72,alpha_vantage
2021-10-20,GBP,NGN,567.9,alpha_vantage
2021-10-21,GBP,NGN,567.04,alpha_vantage
2021-10-22,GBP,NGN,564.58,alpha_vantage
2021-10-25,GBP,NGN,565.55,alpha_vantage
2021-10-26,GBP,NGN,565.57,alpha_vantage
2021-10-27,GBP,NGN,564.7,alpha_vantage
2021-10-28,GBP,NGN,566.81,alpha_vantage
2021-10-29,GBP,NGN,562.32,alpha_vantage
2021-11-01,GBP,NGN,561.6,alpha_vantage
2021-11-02,GBP,NGN,559.54,alpha_vantage
2021-11-03,GBP,NGN,562.7,alpha_vantage
2021-11-04,GBP,NGN,555.04,alpha_vantage
2021-11-05,GBP,NGN,554.74,alpha_vantage
2021-11-08,GBP,NGN,557.46,alpha_vantage
2021-11-09,GBP,NGN,557.58,alpha_vantage
2021-11-10,GBP,NGN,551.3,alpha_vantage
2021-11-11,GBP,NGN,550.18,alpha_vantage
2021-11-12,GBP,NGN,552,alpha_vantage
2021-11-15,GBP,NGN,551.73,alpha_vantage
2021-11-16,GBP,NGN,552.51,alpha_vantage
2021-11-17,GBP,NGN,555.1,alpha_vantage
2021-11-18,GBP,NGN,555.52,alpha_vantage
2021-11-19,GBP,NGN,553.34,alpha_vantage
2021-11-22,GBP,NGN,550.93,alpha_vantage
2021-11-23,GBP,NGN,549.36,alpha_vantage
2021-11-24,GBP,NGN,546.96,alpha_vantage
2021-11-25,GBP,NGN,546.92,alpha_vantage
2021-11-26,GBP,NGN,547.67,alpha_vantage
2021-11-29,GBP,NGN,546.05,alpha_vantage
2021-11-30,GBP,NGN,546.11,alpha_vantage
2021-12-01,GBP,NGN,545.38,alpha_vantage
2021-12-02,GBP,NGN,546,alpha_vantage
2021-12-03,GBP,NGN,543.4,alpha_vantage
2021-12-06,GBP,NGN,544.45,alpha_vantage
2021-12-07,GBP,NGN,543.3,alpha_vantage
2021-12-08,GBP,NGN,542.22,alpha_vantage
2021-12-09,GBP,NGN,542.21,alpha_vantage
2021-12-10,GBP,NGN,544.37,alpha_vantage
2021-12-13,GBP,NGN,542.86,alpha_vantage
2021-12-14,GBP,NGN,543.19,alpha_vantage
2021-12-15,GBP,NGN,544.59,alpha_vantage
2021-12-16,GBP,NGN,546.84,alpha_vantage
2021-12-17,GBP,NGN,544.9,alpha_vantage
2021-12-20,GBP,NGN,542.69,alpha_vantage
2021-12-21,GBP,NGN,546.21,alpha_vantage
2021-12-22,GBP,NGN,550.19,alpha_vantage
2021-12-23,GBP,NGN,552.5,alpha_vantage
2021-12-24,GBP,NGN,551.71,alpha_vantage
2021-12-27,GBP,NGN,553.57,alpha_vantage
2021-12-28,GBP,NGN,552.9,alpha_vantage
2021-12-29,GBP,NGN,555.66,alpha_vantage
2021-12-30,GBP,NGN,556.15,alpha_vantage
2021-12-31,GBP,NGN,558.44,alpha_vantage
2022-01-03,GBP,NGN,557.19,alpha_vantage
2022-01-04,GBP,NGN,559.32,alpha_vantage
2022-01-05,GBP,NGN,560.49,alpha_vantage
2022-01-06,GBP,NGN,559.96,alpha_vantage
2022-01-07,GBP,NGN,562.56,alpha_vantage
2022-01-10,GBP,NGN,561.45,alpha_vantage
2022-01-11,GBP,NGN,563.73,alpha_vantage
2022-01-12,GBP,NGN,567.25,alpha_vantage
2022-01-13,GBP,NGN,567.8,alpha_vantage
2022-01-14,GBP,NGN,566.76,alpha_vantage
2022-01-17,GBP,NGN,565.16,alpha_vantage
2022-01-18,GBP,NGN,563.33,alpha_vantage
2022-01-19,GBP,NGN,564.44,alpha_vantage
2022-01-20,GBP,NGN,564.13,alpha_vantage
2022-01-21,GBP,NGN,562.46,alpha_vantage
2022-01-24,GBP,NGN,559.77,alpha_vantage
2022-01-25,GBP,NGN,560.61,alpha_vantage
2022-01-26,GBP,NGN,558.8,alpha_vantage
2022-01-27,GBP,NGN,555.84,alpha_vantage
2022-01-28,GBP,NGN,556.7,alpha_vantage
2022-01-31,GBP,NGN,558.96,alpha_vantage
2022-02-01,GBP,NGN,560.82,alpha_vantage
2022-02-02,GBP,NGN,564.32,alpha_vantage
2022-02-03,GBP,NGN,565.73,alpha_vantage
2022-02-04,GBP,NGN,562.95,alpha_vantage
2022-02-07,GBP,NGN,563.3,alpha_vantage
2022-02-08,GBP,NGN,563.79,alpha_vantage
2022-02-09,GBP,NGN,564.09,alpha_vantage
2022-02-10,GBP,NGN,564.72,alpha_vantage
2022-02-11,GBP,NGN,564.96,alpha_vantage
2022-02-14,GBP,NGN,563.29,alpha_vantage
2022-02-15,GBP,NGN,563.03,alpha_vantage
2022-02-16,GBP,NGN,564.72,alpha_vantage
2022-02-17,GBP,NGN,566.08,alpha_vantage
2022-02-18,GBP,NGN,565.28,alpha_vantage
2022-02-21,GBP,NGN,565.48,alpha_vantage
2022-02-22,GBP,NGN,564.95,alpha_vantage
2022-02-23,GBP,NGN,563.2,alpha_vantage
2022-02-24,GBP,NGN,556.06,alpha_vantage
2022-02-25,GBP,NGN,557.66,alpha_vantage
2022-02-28,GBP,NGN,558.27,alpha_vantage
2022-03-01,GBP,NGN,553.87,alpha_vantage
2022-03-02,GBP,NGN,556.63,alpha_vantage
2022-03-03,GBP,NGN,555.01,alpha_vantage
2022-03-04,GBP,NGN,550.62,alpha_vantage
2022-03-07,GBP,NGN,545.49,alpha_vantage
2022-03-08,GBP,NGN,544.92,alpha_vantage
2022-03-09,GBP,NGN,548.22,alpha_vantage
2022-03-10,GBP,NGN,543.94,alpha_vantage
2022-03-11,GBP,NGN,542.44,alpha_vantage
2022-03-14,GBP,NGN,540.62,alpha_vantage
2022-03-15,GBP,NGN,542.22,alpha_vantage
2022-03-16,GBP,NGN,546.63,alpha_vantage
2022-03-17,GBP,NGN,546.84,alpha_vantage
2022-03-18,GBP,NGN,548.14,alpha_vantage
2022-03-21,GBP,NGN,547.21,alpha_vantage
2022-03-22,GBP,NGN,551.3,alpha_vantage
2022-03-23,GBP,NGN,548.85,alpha_vantage
2022-03-24,GBP,NGN,548.06,alpha_vantage
2022-03-25,GBP,NGN,548.06,alpha_vantage
2022-03-28,GBP,NGN,544.2,alpha_vantage
2022-03-29,GBP,NGN,544.41,alpha_vantage
2022-03-30,GBP,NGN,545.87,alpha_vantage
2022-03-31,GBP,NGN,545.88,alpha_vantage
2022-04-01,GBP,NGN,545.06,alpha_vantage
2022-04-04,GBP,NGN,545.13,alpha_vantage
2022-04-05,GBP,NGN,543.26,alpha_vantage
2022-04-06,GBP,NGN,543.13,alpha_vantage
2022-04-07,GBP,NGN,543.36,alpha_vantage
2022-04-08,GBP,NGN,541.61,alpha_vantage
2022-04-11,GBP,NGN,541.33,alpha_vantage
2022-04-12,GBP,NGN,538.91,alpha_vantage
2022-04-13,GBP,NGN,543.69,alpha_vantage
2022-04-14,GBP,NGN,541.94,alpha_vantage
2022-04-15,GBP,NGN,541.24,alpha_vantage
2022-04-18,GBP,NGN,539.14,alpha_vantage
2022-04-19,GBP,NGN,538.71,alpha_vantage
2022-04-20,GBP,NGN,542.72,alpha_vantage
2022-04-21,GBP,NGN,541.38,alpha_vantage
2022-04-22,GBP,NGN,533.44,alpha_vantage
2022-04-25,GBP,NGN,528.21,alpha_vantage
2022-04-26,GBP,NGN,523.44,alpha_vantage
2022-04-27,GBP,NGN,520.91,alpha_vantage
2022-04-28,GBP,NGN,517.75,alpha_vantage
2022-04-29,GBP,NGN,521.91,alpha_vantage
2022-05-02,GBP,NGN,518.59,alpha_vantage
2022-05-03,GBP,NGN,518.7,alpha_vantage
2022-05-04,GBP,NGN,524.28,alpha_vantage
2022-05-05,GBP,NGN,512.91,alpha_vantage
2022-05-06,GBP,NGN,512.89,alpha_vantage
2022-05-09,GBP,NGN,512.71,alpha_vantage
2022-05-10,GBP,NGN,510.19,alpha_vantage
2022-05-11,GBP,NGN,508.01,alpha_vantage
2022-05-12,GBP,NGN,506.52,alpha_vantage
2022-05-13,GBP,NGN,509.11,alpha_vantage
2022-05-16,GBP,NGN,511.45,alpha_vantage
2022-05-17,GBP,NGN,518.06,alpha_vantage
2022-05-18,GBP,NGN,512.25,alpha_vantage
2022-05-19,GBP,NGN,517.74,alpha_vantage
2022-05-20,GBP,NGN,518.42,alpha_vantage
2022-05-23,GBP,NGN,522.4,alpha_vantage
2022-05-24,GBP,NGN,520.2,alpha_vantage
2022-05-25,GBP,NGN,522.09,alpha_vantage
2022-05-26,GBP,NGN,523.38,alpha_vantage
2022-05-27,GBP,NGN,524.4,alpha_vantage
2022-05-30,GBP,NGN,525.35,alpha_vantage
2022-05-31,GBP,NGN,523.1,alpha_vantage
2022-06-01,GBP,NGN,518.48,alpha_vantage
2022-06-02,GBP,NGN,521.99,alpha_vantage
2022-06-03,GBP,NGN,518.3,alpha_vantage
2022-06-06,GBP,NGN,520.09,alpha_vantage
2022-06-07,GBP,NGN,522.9,alpha_vantage
2022-06-08,GBP,NGN,520.34,alpha_vantage
2022-06-09,GBP,NGN,518.55,alpha_vantage
2022-06-10,GBP,NGN,511.15,alpha_vantage
2022-06-13,GBP,NGN,503.59,alpha_vantage
2022-06-14,GBP,NGN,497.79,alpha_vantage
2022-06-15,GBP,NGN,505.26,alpha_vantage
2022-06-16,GBP,NGN,512.66,alpha_vantage
2022-06-17,GBP,NGN,507.45,alpha_vantage
2022-06-20,GBP,NGN,508.67,alpha_vantage
2022-06-21,GBP,NGN,509.86,alpha_vantage
2022-06-22,GBP,NGN,509.01,alpha_vantage
2022-06-23,GBP,NGN,508.76,alpha_vantage
2022-06-24,GBP,NGN,509.23,alpha_vantage
2022-06-27,GBP,NGN,508.89,alpha_vantage
2022-06-28,GBP,NGN,505.92,alpha_vantage
2022-06-29,GBP,NGN,503.06,alpha_vantage
2022-06-30,GBP,NGN,505.31,alpha_vantage
2022-07-01,GBP,NGN,502.21,alpha_vantage
2022-07-04,GBP,NGN,502.11,alpha_vantage
2022-07-05,GBP,NGN,496.28,alpha_vantage
2022-07-06,GBP,NGN,494.9,alpha_vantage
2022-07-07,GBP,NGN,499.17,alpha_vantage
2022-07-08,GBP,NGN,499.46,alpha_vantage
2022-07-11,GBP,NGN,493.98,alpha_vantage
2022-07-12,GBP,NGN,493.6,alpha_vantage
2022-07-13,GBP,NGN,493.8,alpha_vantage
2022-07-14,GBP,NGN,491.1,alpha_vantage
2022-07-15,GBP,NGN,492.74,alpha_vantage
2022-07-18,GBP,NGN,496.31,alpha_vantage
2022-07-19,GBP,NGN,498.47,alpha_vantage
2022-07-20,GBP,NGN,497.19,alpha_vantage
2022-07-21,GBP,NGN,498.15,alpha_vantage
2022-07-22,GBP,NGN,497.7,alpha_vantage
2022-07-25,GBP,NGN,500.04,alpha_vantage
2022-07-26,GBP,NGN,499.61,alpha_vantage
2022-07-27,GBP,NGN,505.23,alpha_vantage
2022-07-28,GBP,NGN,505.8,alpha_vantage
2022-07-29,GBP,NGN,506.36,alpha_vantage
2022-08-01,GBP,NGN,510.61,alpha_vantage
2022-08-02,GBP,NGN,506.83,alpha_vantage
2022-08-03,GBP,NGN,506,alpha_vantage
2022-08-04,GBP,NGN,507.45,alpha_vantage
2022-08-05,GBP,NGN,504.03,alpha_vantage
2022-08-08,GBP,NGN,504.8,alpha_vantage
2022-08-09,GBP,NGN,504.69,alpha_vantage
2022-08-10,GBP,NGN,511.29,alpha_vantage
2022-08-11,GBP,NGN,510.92,alpha_vantage
2022-08-12,GBP,NGN,508.49,alpha_vantage
2022-08-15,GBP,NGN,505.42,alpha_vantage
2022-08-16,GBP,NGN,507.16,alpha_vantage
2022-08-17,GBP,NGN,506.51,alpha_vantage
2022-08-18,GBP,NGN,501.43,alpha_vantage
2022-08-19,GBP,NGN,496.65,alpha_vantage
2022-08-22,GBP,NGN,494.98,alpha_vantage
2022-08-23,GBP,NGN,498.38,alpha_vantage
2022-08-24,GBP,NGN,497.22,alpha_vantage
2022-08-25,GBP,NGN,499.09,alpha_vantage
2022-08-26,GBP,NGN,495.87,alpha_vantage
2022-08-29,GBP,NGN,494.13,alpha_vantage
2022-08-30,GBP,NGN,492.71,alpha_vantage
2022-08-31,GBP,NGN,489.99,alpha_vantage
2022-09-01,GBP,NGN,487.9,alpha_vantage
2022-09-02,GBP,NGN,487.08,alpha_vantage
2022-09-05,GBP,NGN,487.7,alpha_vantage
2022-09-06,GBP,NGN,490.19,alpha_vantage
2022-09-07,GBP,NGN,491.21,alpha_vantage
2022-09-08,GBP,NGN,490.76,alpha_vantage
2022-09-09,GBP,NGN,495.05,alpha_vantage
2022-09-12,GBP,NGN,499.37,alpha_vantage
2022-09-13,GBP,NGN,493.03,alpha_vantage
2022-09-14,GBP,NGN,494.13,alpha_vantage
2022-09-15,GBP,NGN,491.4,alpha_vantage
2022-09-16,GBP,NGN,489.25,alpha_vantage
2022-09-19,GBP,NGN,490.61,alpha_vantage
2022-09-20,GBP,NGN,488.61,alpha_vantage
2022-09-21,GBP,NGN,484.32,alpha_vantage
2022-09-22,GBP,NGN,484.13,alpha_vantage
2022-09-23,GBP,NGN,466.98,alpha_vantage
2022-09-26,GBP,NGN,460.24,alpha_vantage
2022-09-27,GBP,NGN,459.87,alpha_vantage
2022-09-28,GBP,NGN,469.38,alpha_vantage
2022-09-29,GBP,NGN,478.22,alpha_vantage
2022-09-30,GBP,NGN,482.28,alpha_vantage
2022-10-03,GBP,NGN,489.23,alpha_vantage
2022-10-04,GBP,NGN,495.95,alpha_vantage
2022-10-05,GBP,NGN,489.62,alpha_vantage
2022-10-06,GBP,NGN,483.77,alpha_vantage
2022-10-07,GBP,NGN,480.01,alpha_vantage
2022-10-10,GBP,NGN,480.15,alpha_vantage
2022-10-11,GBP,NGN,476.44,alpha_vantage
2022-10-12,GBP,NGN,482.41,alpha_vantage
2022-10-13,GBP,NGN,492.47,alpha_vantage
2022-10-14,GBP,NGN,486.41,alpha_vantage
2022-10-17,GBP,NGN,494.74,alpha_vantage
2022-10-18,GBP,NGN,494.06,alpha_vantage
2022-10-19,GBP,NGN,489.12,alpha_vantage
2022-10-20,GBP,NGN,490.14,alpha_vantage
2022-10-21,GBP,NGN,493.07,alpha_vantage
2022-10-24,GBP,NGN,492.75,alpha_vantage
2022-10-25,GBP,NGN,501.52,alpha_vantage
2022-10-26,GBP,NGN,507.9,alpha_vantage
2022-10-27,GBP,NGN,506.53,alpha_vantage
2022-10-28,GBP,NGN,507.41,alpha_vantage
2022-10-31,GBP,NGN,502.65,alpha_vantage
2022-11-01,GBP,NGN,503.34,alpha_vantage
2022-11-02,GBP,NGN,499.89,alpha_vantage
2022-11-03,GBP,NGN,489.94,alpha_vantage
2022-11-04,GBP,NGN,499.79,alpha_vantage
2022-11-07,GBP,NGN,506.2,alpha_vantage
2022-11-08,GBP,NGN,507.91,alpha_vantage
2022-11-09,GBP,NGN,499.89,alpha_vantage
2022-11-10,GBP,NGN,515.98,alpha_vantage
2022-11-11,GBP,NGN,521.95,alpha_vantage
2022-11-14,GBP,NGN,518.68,alpha_vantage
2022-11-15,GBP,NGN,524.04,alpha_vantage
2022-11-16,GBP,NGN,526.22,alpha_vantage
2022-11-17,GBP,NGN,524.51,alpha_vantage
2022-11-18,GBP,NGN,525.91,alpha_vantage
2022-11-21,GBP,NGN,523.33,alpha_vantage
2022-11-22,GBP,NGN,526.48,alpha_vantage
2022-11-23,GBP,NGN,534.67,alpha_vantage
2022-11-24,GBP,NGN,537.01,alpha_vantage
2022-11-25,GBP,NGN,535.77,alpha_vantage
2022-11-28,GBP,NGN,530.69,alpha_vantage
2022-11-29,GBP,NGN,530.53,alpha_vantage
2022-11-30,GBP,NGN,535.09,alpha_vantage
2022-12-01,GBP,NGN,543.42,alpha_vantage
2022-12-02,GBP,NGN,545.66,alpha_vantage
2022-12-05,GBP,NGN,542,alpha_vantage
2022-12-06,GBP,NGN,539.4,alpha_vantage
2022-12-07,GBP,NGN,542.7,alpha_vantage
2022-12-08,GBP,NGN,544.47,alpha_vantage
2022-12-09,GBP,NGN,545.66,alpha_vantage
2022-12-12,GBP,NGN,546.04,alpha_vantage
2022-12-13,GBP,NGN,550.37,alpha_vantage
2022-12-14,GBP,NGN,550.15,alpha_vantage
2022-12-15,GBP,NGN,542.39,alpha_vantage
2022-12-16,GBP,NGN,542.61,alpha_vantage
2022-12-19,GBP,NGN,541.52,alpha_vantage
2022-12-20,GBP,NGN,543.26,alpha_vantage
2022-12-21,GBP,NGN,538.9,alpha_vantage
2022-12-22,GBP,NGN,537.67,alpha_vantage
2022-12-23,GBP,NGN,538,alpha_vantage
2022-12-26,GBP,NGN,538.78,alpha_vantage
2022-12-27,GBP,NGN,537.14,alpha_vantage
2022-12-28,GBP,NGN,537.25,alpha_vantage
2022-12-29,GBP,NGN,540.01,alpha_vantage
2022-12-30,GBP,NGN,540.93,alpha_vantage
2023-01-02,GBP,NGN,539.59,alpha_vantage
2023-01-03,GBP,NGN,537.3,alpha_vantage
2023-01-04,GBP,NGN,541.15,alpha_vantage
2023-01-05,GBP,NGN,535.22,alpha_vantage
2023-01-06,GBP,NGN,544.17,alpha_vantage
2023-01-09,GBP,NGN,548.17,alpha_vantage
2023-01-10,GBP,NGN,546.82,alpha_vantage
2023-01-11,GBP,NGN,548.42,alpha_vantage
2023-01-12,GBP,NGN,552.69,alpha_vantage
2023-01-13,GBP,NGN,553.21,alpha_vantage
2023-01-16,GBP,NGN,551.88,alpha_vantage
2023-01-17,GBP,NGN,557.3,alpha_vantage
2023-01-18,GBP,NGN,559.77,alpha_vantage
2023-01-19,GBP,NGN,561.9,alpha_vantage
2023-01-20,GBP,NGN,564.27,alpha_vantage
2023-01-23,GBP,NGN,563.15,alpha_vantage
2023-01-24,GBP,NGN,567.29,alpha_vantage
2023-01-25,GBP,NGN,570.03,alpha_vantage
2023-01-26,GBP,NGN,571.22,alpha_vantage
2023-01-27,GBP,NGN,569.81,alpha_vantage
2023-01-30,GBP,NGN,568.52,alpha_vantage
2023-01-31,GBP,NGN,567.13,alpha_vantage
2023-02-01,GBP,NGN,569.67,alpha_vantage
2023-02-02,GBP,NGN,563.05,alpha_vantage
2023-02-03,GBP,NGN,554.9,alpha_vantage
2023-02-06,GBP,NGN,552.5,alpha_vantage
2023-02-07,GBP,NGN,554.67,alpha_vantage
2023-02-08,GBP,NGN,555.55,alpha_vantage
2023-02-09,GBP,NGN,557.73,alpha_vantage
2023-02-10,GBP,NGN,553.92,alpha_vantage
2023-02-13,GBP,NGN,558.88,alpha_vantage
2023-02-14,GBP,NGN,560.57,alpha_vantage
2023-02-15,GBP,NGN,554.16,alpha_vantage
2023-02-16,GBP,NGN,552.2,alpha_vantage
2023-02-17,GBP,NGN,554.37,alpha_vantage
2023-02-20,GBP,NGN,554.39,alpha_vantage
2023-02-21,GBP,NGN,557.32,alpha_vantage
2023-02-22,GBP,NGN,554.41,alpha_vantage
2023-02-23,GBP,NGN,552.26,alpha_vantage
2023-02-24,GBP,NGN,549.92,alpha_vantage
2023-02-27,GBP,NGN,554.85,alpha_vantage
2023-02-28,GBP,NGN,553.45,alpha_vantage
2023-03-01,GBP,NGN,552.48,alpha_vantage
2023-03-02,GBP,NGN,549.99,alpha_vantage
2023-03-03,GBP,NGN,554.52,alpha_vantage
2023-03-06,GBP,NGN,553.63,alpha_vantage
2023-03-07,GBP,NGN,544.41,alpha_vantage
2023-03-08,GBP,NGN,545.17,alpha_vantage
2023-03-09,GBP,NGN,549.01,alpha_vantage
2023-03-10,GBP,NGN,553.94,alpha_vantage
2023-03-13,GBP,NGN,560.63,alpha_vantage
2023-03-14,GBP,NGN,560.42,alpha_vantage
2023-03-15,GBP,NGN,554.98,alpha_vantage
2023-03-16,GBP,NGN,557.67,alpha_vantage
2023-03-17,GBP,NGN,560.53,alpha_vantage
2023-03-20,GBP,NGN,565,alpha_vantage
2023-03-21,GBP,NGN,562.41,alpha_vantage
2023-03-22,GBP,NGN,564.8,alpha_vantage
2023-03-23,GBP,NGN,565.55,alpha_vantage
2023-03-24,GBP,NGN,562.92,alpha_vantage
2023-03-27,GBP,NGN,565.41,alpha_vantage
2023-03-28,GBP,NGN,567.84,alpha_vantage
2023-03-29,GBP,NGN,566.81,alpha_vantage
2023-03-30,GBP,NGN,570.18,alpha_vantage
2023-03-31,GBP,NGN,567.68,alpha_vantage
2023-04-03,GBP,NGN,571.52,alpha_vantage
2023-04-04,GBP,NGN,575.31,alpha_vantage
2023-04-05,GBP,NGN,573.48,alpha_vantage
2023-04-06,GBP,NGN,572.47,alpha_vantage
2023-04-07,GBP,NGN,571.55,alpha_vantage
2023-04-10,GBP,NGN,569.8,alpha_vantage
2023-04-11,GBP,NGN,571.47,alpha_vantage
2023-04-12,GBP,NGN,574.65,alpha_vantage
2023-04-13,GBP,NGN,576.56,alpha_vantage
2023-04-14,GBP,NGN,571.44,alpha_vantage
2023-04-17,GBP,NGN,569.74,alpha_vantage
2023-04-18,GBP,NGN,571.91,alpha_vantage
2023-04-19,GBP,NGN,572.87,alpha_vantage
2023-04-20,GBP,NGN,572.85,alpha_vantage
2023-04-21,GBP,NGN,572.4,alpha_vantage
2023-04-24,GBP,NGN,574.81,alpha_vantage
2023-04-25,GBP,NGN,571.25,alpha_vantage
2023-04-26,GBP,NGN,573.87,alpha_vantage
2023-04-27,GBP,NGN,575.34,alpha_vantage
2023-04-28,GBP,NGN,578.52,alpha_vantage
2023-05-01,GBP,NGN,575.12,alpha_vantage
2023-05-02,GBP,NGN,573.99,alpha_vantage
2023-05-03,GBP,NGN,578.37,alpha_vantage
2023-05-04,GBP,NGN,579.39,alpha_vantage
2023-05-05,GBP,NGN,581.38,alpha_vantage
2023-05-08,GBP,NGN,581.04,alpha_vantage
2023-05-09,GBP,NGN,581.13,alpha_vantage
2023-05-10,GBP,NGN,581.39,alpha_vantage
2023-05-11,GBP,NGN,577.35,alpha_vantage
2023-05-12,GBP,NGN,575.4,alpha_vantage
2023-05-15,GBP,NGN,576.88,alpha_vantage
2023-05-16,GBP,NGN,574.81,alpha_vantage
2023-05-17,GBP,NGN,575.19,alpha_vantage
2023-05-18,GBP,NGN,571.69,alpha_vantage
2023-05-19,GBP,NGN,574.28,alpha_vantage
2023-05-22,GBP,NGN,572.89,alpha_vantage
2023-05-23,GBP,NGN,571.85,alpha_vantage
2023-05-24,GBP,NGN,569.64,alpha_vantage
2023-05-25,GBP,NGN,567.7,alpha_vantage
2023-05-26,GBP,NGN,569.02,alpha_vantage
2023-05-29,GBP,NGN,568.86,alpha_vantage
2023-05-30,GBP,NGN,571.95,alpha_vantage
2023-05-31,GBP,NGN,573.34,alpha_vantage
2023-06-01,GBP,NGN,577.64,alpha_vantage
2023-06-02,GBP,NGN,574.32,alpha_vantage
2023-06-05,GBP,NGN,573.66,alpha_vantage
2023-06-06,GBP,NGN,573.62,alpha_vantage
2023-06-07,GBP,NGN,574.18,alpha_vantage
2023-06-08,GBP,NGN,580.32,alpha_vantage
2023-06-09,GBP,NGN,581.74,alpha_vantage
2023-06-12,GBP,NGN,578.45,alpha_vantage
2023-06-13,GBP,NGN,583.65,alpha_vantage
2023-06-14,GBP,NGN,590.13,alpha_vantage
2023-06-16,GBP,NGN,841.88,alpha_vantage
2023-06-19,GBP,NGN,832.46,alpha_vantage
2023-06-20,GBP,NGN,881.25,alpha_vantage
2023-06-21,GBP,NGN,953.6,alpha_vantage
2023-06-22,GBP,NGN,1034.2,alpha_vantage
2023-06-23,GBP,NGN,968.27,alpha_vantage
2023-06-26,GBP,NGN,967.68,alpha_vantage
2023-06-27,GBP,NGN,975.11,alpha_vantage
2023-06-28,GBP,NGN,953.45,alpha_vantage
2023-06-29,GBP,NGN,951.86,alpha_vantage
2023-06-30,GBP,NGN,965.05,alpha_vantage
2023-07-03,GBP,NGN,978.78,alpha_vantage
2023-07-04,GBP,NGN,980.74,alpha_vantage
2023-07-05,GBP,NGN,982.6,alpha_vantage
2023-07-06,GBP,NGN,987.98,alpha_vantage
2023-07-07,GBP,NGN,986.18,alpha_vantage
2023-07-10,GBP,NGN,1011.64,alpha_vantage
2023-07-11,GBP,NGN,966.27,alpha_vantage
2023-07-12,GBP,NGN,1008.7,alpha_vantage
2023-07-13,GBP,NGN,1021.07,alpha_vantage
2023-07-14,GBP,NGN,1017.39,alpha_vantage
2023-07-17,GBP,NGN,1014.72,alpha_vantage
2023-07-18,GBP,NGN,1007.98,alpha_vantage
2023-07-19,GBP,NGN,1011.66,alpha_vantage
2023-07-20,GBP,NGN,1016.72,alpha_vantage
2023-07-21,GBP,NGN,997.77,alpha_vantage
2023-07-24,GBP,NGN,1017.22,alpha_vantage
2023-07-25,GBP,NGN,1023.31,alpha_vantage
2023-07-26,GBP,NGN,1018.66,alpha_vantage
2023-07-27,GBP,NGN,992.2,alpha_vantage
2023-07-28,GBP,NGN,998.48,alpha_vantage
2023-07-31,GBP,NGN,976.11,alpha_vantage
2023-08-01,GBP,NGN,968.77,alpha_vantage
2023-08-02,GBP,NGN,986.89,alpha_vantage
2023-08-03,GBP,NGN,942.53,alpha_vantage
2023-08-04,GBP,NGN,978.47,alpha_vantage
2023-08-07,GBP,NGN,959.69,alpha_vantage
2023-08-08,GBP,NGN,972.31,alpha_vantage
2023-08-09,GBP,NGN,978.25,alpha_vantage
2023-08-10,GBP,NGN,975.07,alpha_vantage
2023-08-11,GBP,NGN,976.2,alpha_vantage
2023-08-14,GBP,NGN,973.1,alpha_vantage
2023-08-15,GBP,NGN,967.84,alpha_vantage
2023-08-16,GBP,NGN,1000.45,alpha_vantage
2023-08-17,GBP,NGN,978.34,alpha_vantage
2023-08-18,GBP,NGN,950.23,alpha_vantage
2023-08-21,GBP,NGN,950.44,alpha_vantage
2023-08-22,GBP,NGN,970.39,alpha_vantage
2023-08-23,GBP,NGN,962.57,alpha_vantage
2023-08-24,GBP,NGN,952.33,alpha_vantage
2023-08-25,GBP,NGN,971.42,alpha_vantage
2023-08-28,GBP,NGN,975.78,alpha_vantage
2023-08-29,GBP,NGN,977.11,alpha_vantage
2023-08-30,GBP,NGN,983.87,alpha_vantage
2023-08-31,GBP,NGN,979.9,alpha_vantage
2023-09-01,GBP,NGN,952.91,alpha_vantage
2023-09-04,GBP,NGN,955.92,alpha_vantage
2023-09-05,GBP,NGN,955.85,alpha_vantage
2023-09-06,GBP,NGN,942.13,alpha_vantage
2023-09-07,GBP,NGN,979.07,alpha_vantage
2023-09-08,GBP,NGN,931.91,alpha_vantage
2023-09-11,GBP,NGN,923.41,alpha_vantage
2023-09-12,GBP,NGN,962.83,alpha_vantage
2023-09-13,GBP,NGN,933.29,alpha_vantage
2023-09-14,GBP,NGN,953.82,alpha_vantage
2023-09-15,GBP,NGN,954.7,alpha_vantage
2023-09-18,GBP,NGN,952.14,alpha_vantage
2023-09-19,GBP,NGN,960.92,alpha_vantage
2023-09-20,GBP,NGN,951.2,alpha_vantage
2023-09-21,GBP,NGN,943.86,alpha_vantage
2023-09-22,GBP,NGN,902.88,alpha_vantage
2023-09-25,GBP,NGN,951.83,alpha_vantage
2023-09-26,GBP,NGN,947.65,alpha_vantage
2023-09-27,GBP,NGN,944.07,alpha_vantage
2023-09-28,GBP,NGN,949.37,alpha_vantage
2023-09-29,GBP,NGN,938.95,alpha_vantage
2023-10-02,GBP,NGN,929.1,alpha_vantage
2023-10-03,GBP,NGN,926.19,alpha_vantage
2023-10-04,GBP,NGN,907.17,alpha_vantage
2023-10-05,GBP,NGN,928.89,alpha_vantage
2023-10-06,GBP,NGN,944.85,alpha_vantage
2023-10-09,GBP,NGN,928.8,alpha_vantage
2023-10-10,GBP,NGN,938.02,alpha_vantage
2023-10-11,GBP,NGN,934,alpha_vantage
2023-10-12,GBP,NGN,935.95,alpha_vantage
2023-10-13,GBP,NGN,934.66,alpha_vantage
2023-10-16,GBP,NGN,934.9,alpha_vantage
2023-10-17,GBP,NGN,931.92,alpha_vantage
2023-10-18,GBP,NGN,940.87,alpha_vantage
2023-10-19,GBP,NGN,939.73,alpha_vantage
2023-10-24,GBP,NGN,967.48,alpha_vantage
2023-10-25,GBP,NGN,963.17,alpha_vantage
2023-10-26,GBP,NGN,973.44,alpha_vantage
2023-10-27,GBP,NGN,958.24,alpha_vantage
2023-10-30,GBP,NGN,956.97,alpha_vantage
2023-10-31,GBP,NGN,1105.11,alpha_vantage
2023-11-01,GBP,NGN,956.48,alpha_vantage
2023-11-02,GBP,NGN,995.06,alpha_vantage
2023-11-03,GBP,NGN,998.7,alpha_vantage
2023-11-06,GBP,NGN,986.75,alpha_vantage
2023-11-07,GBP,NGN,966.84,alpha_vantage
2023-11-08,GBP,NGN,986.73,alpha_vantage
2023-11-09,GBP,NGN,986.85,alpha_vantage
2023-11-14,GBP,NGN,1056.34,alpha_vantage
2023-11-15,GBP,NGN,1046.82,alpha_vantage
2023-11-16,GBP,NGN,1026.97,alpha_vantage
2023-11-17,GBP,NGN,1046.87,alpha_vantage
2023-11-20,GBP,NGN,1026.05,alpha_vantage
2023-11-21,GBP,NGN,1023.71,alpha_vantage
2023-11-22,GBP,NGN,1004.9,alpha_vantage
2023-11-23,GBP,NGN,1007.98,alpha_vantage
2023-11-24,GBP,NGN,1056.26,alpha_vantage
2023-11-27,GBP,NGN,1009.68,alpha_vantage
2023-11-28,GBP,NGN,1001.32,alpha_vantage
2023-11-29,GBP,NGN,1007.14,alpha_vantage
2023-11-30,GBP,NGN,997.87,alpha_vantage
2023-12-01,GBP,NGN,1001.99,alpha_vantage
2023-12-04,GBP,NGN,1007.23,alpha_vantage
2023-12-05,GBP,NGN,1009.41,alpha_vantage
2023-12-06,GBP,NGN,1006.32,alpha_vantage
2023-12-07,GBP,NGN,1006.5,alpha_vantage
2023-12-08,GBP,NGN,992.29,alpha_vantage
2023-12-11,GBP,NGN,992.35,alpha_vantage
2023-12-12,GBP,NGN,1007.48,alpha_vantage
2023-12-13,GBP,NGN,1013.05,alpha_vantage
2023-12-14,GBP,NGN,1008.9,alpha_vantage
2023-12-15,GBP,NGN,1002.07,alpha_vantage
2023-12-18,GBP,NGN,998.37,alpha_vantage
2023-12-19,GBP,NGN,1049.58,alpha_vantage
2023-12-20,GBP,NGN,1042.07,alpha_vantage
2023-12-21,GBP,NGN,1045.84,alpha_vantage
2023-12-22,GBP,NGN,1150.14,alpha_vantage
2023-12-26,GBP,NGN,1151.2,alpha_vantage
2023-12-27,GBP,NGN,1131.43,alpha_vantage
2023-12-28,GBP,NGN,1140.72,alpha_vantage
2023-12-29,GBP,NGN,1122.38,alpha_vantage
2024-01-01,GBP,NGN,1122.15,alpha_vantage
2024-01-02,GBP,NGN,1115.8,alpha_vantage
2024-01-03,GBP,NGN,1128.77,alpha_vantage
2024-01-04,GBP,NGN,1156.25,alpha_vantage
2024-01-05,GBP,NGN,1162.45,alpha_vantage
2024-01-08,GBP,NGN,1128.3,alpha_vantage
2024-01-09,GBP,NGN,1085.22,alpha_vantage
2024-01-10,GBP,NGN,1210.75,alpha_vantage
2024-01-11,GBP,NGN,1221.42,alpha_vantage
2024-01-12,GBP,NGN,1222.82,alpha_vantage
2024-01-15,GBP,NGN,1101.55,alpha_vantage
2024-01-16,GBP,NGN,1077.81,alpha_vantage
2024-01-17,GBP,NGN,1087.7,alpha_vantage
2024-01-18,GBP,NGN,1137.11,alpha_vantage
2024-01-19,GBP,NGN,1130.09,alpha_vantage
2024-01-22,GBP,NGN,1131.56,alpha_vantage
2024-01-23,GBP,NGN,1159.34,alpha_vantage
2024-01-24,GBP,NGN,1144.88,alpha_vantage
2024-01-25,GBP,NGN,1126.93,alpha_vantage
2024-01-26,GBP,NGN,1141.33,alpha_vantage
2024-01-29,GBP,NGN,1130.45,alpha_vantage
2024-01-30,GBP,NGN,1128.86,alpha_vantage
2024-01-31,GBP,NGN,1127.39,alpha_vantage
2024-02-02,GBP,NGN,1786.16,alpha_vantage
2024-02-05,GBP,NGN,1780.5,alpha_vantage
2024-02-06,GBP,NGN,1773.06,alpha_vantage
2024-02-07,GBP,NGN,1789.83,alpha_vantage
2024-02-08,GBP,NGN,1822.74,alpha_vantage
2024-02-09,GBP,NGN,1861.8,alpha_vantage
2024-02-12,GBP,NGN,1870.64,alpha_vantage
2024-02-13,GBP,NGN,1907.93,alpha_vantage
2024-02-14,GBP,NGN,1903.05,alpha_vantage
2024-02-15,GBP,NGN,1910.32,alpha_vantage
2024-02-16,GBP,NGN,1881.45,alpha_vantage
2024-02-19,GBP,NGN,1881.31,alpha_vantage
2024-02-20,GBP,NGN,2026.7,alpha_vantage
2024-02-21,GBP,NGN,2026.22,alpha_vantage
2024-02-22,GBP,NGN,2029.87,alpha_vantage
2024-02-23,GBP,NGN,1886.43,alpha_vantage
2024-02-26,GBP,NGN,1910.7,alpha_vantage
2024-02-27,GBP,NGN,2001.97,alpha_vantage
2024-02-28,GBP,NGN,2063.71,alpha_vantage
2024-02-29,GBP,NGN,2041.2,alpha_vantage
2024-03-01,GBP,NGN,1953.57,alpha_vantage
2024-03-04,GBP,NGN,1959.78,alpha_vantage
2024-03-05,GBP,NGN,1982.59,alpha_vantage
2024-03-06,GBP,NGN,2025.94,alpha_vantage
2024-03-07,GBP,NGN,2035.94,alpha_vantage
2024-03-08,GBP,NGN,2049.38,alpha_vantage
2024-03-11,GBP,NGN,2079.89,alpha_vantage
2024-03-12,GBP,NGN,2062.48,alpha_vantage
2024-03-13,GBP,NGN,2039.31,alpha_vantage
2024-03-14,GBP,NGN,2028.75,alpha_vantage
2024-03-15,GBP,NGN,2050.92,alpha_vantage
2024-03-18,GBP,NGN,2001.36,alpha_vantage
2024-03-19,GBP,NGN,1878.64,alpha_vantage
2024-03-20,GBP,NGN,1985.74,alpha_vantage
2024-03-21,GBP,NGN,1785.63,alpha_vantage
2024-03-22,GBP,NGN,1825.28,alpha_vantage
2024-03-25,GBP,NGN,1830.48,alpha_vantage
2024-03-26,GBP,NGN,1774.77,alpha_vantage
2024-03-27,GBP,NGN,1788.59,alpha_vantage
2024-03-28,GBP,NGN,1786.72,alpha_vantage
2024-03-29,GBP,NGN,1647.11,alpha_vantage
2024-04-02,GBP,NGN,1609.48,alpha_vantage
2024-04-03,GBP,NGN,1619.84,alpha_vantage
2024-04-04,GBP,NGN,1593.29,alpha_vantage
2024-04-05,GBP,NGN,1572.9,alpha_vantage
2024-04-08,GBP,NGN,1557.12,alpha_vantage
2024-04-09,GBP,NGN,1580.33,alpha_vantage
2024-04-10,GBP,NGN,1564.22,alpha_vantage
2024-04-11,GBP,NGN,1565.22,alpha_vantage
2024-04-15,GBP,NGN,1431.72,alpha_vantage
2024-04-16,GBP,NGN,1416.27,alpha_vantage
2024-04-18,GBP,NGN,1427.94,alpha_vantage
2024-04-22,GBP,NGN,1519.24,alpha_vantage
2024-04-23,GBP,NGN,1532.14,alpha_vantage
2024-04-24,GBP,NGN,1557.97,alpha_vantage
2024-04-25,GBP,NGN,1598.6,alpha_vantage
2024-04-26,GBP,NGN,1661.47,alpha_vantage
2024-04-29,GBP,NGN,1702.87,alpha_vantage
2024-04-30,GBP,NGN,1737.72,alpha_vantage
2024-05-01,GBP,NGN,1735.62,alpha_vantage
2024-05-02,GBP,NGN,1692.5,alpha_vantage
2024-05-03,GBP,NGN,1730.69,alpha_vantage
2024-05-06,GBP,NGN,1734.65,alpha_vantage
2024-05-07,GBP,NGN,1730.47,alpha_vantage
2024-05-08,GBP,NGN,1755.91,alpha_vantage
2024-05-09,GBP,NGN,1788.28,alpha_vantage
2024-05-10,GBP,NGN,1803.56,alpha_vantage
2024-05-13,GBP,NGN,1783.61,alpha_vantage
2024-05-14,GBP,NGN,1886.51,alpha_vantage
2024-05-15,GBP,NGN,1927.29,alpha_vantage
2024-05-16,GBP,NGN,1926.36,alpha_vantage
2024-05-17,GBP,NGN,1863.97,alpha_vantage
2024-05-20,GBP,NGN,1944.44,alpha_vantage
2024-05-21,GBP,NGN,1944.43,alpha_vantage
2024-05-22,GBP,NGN,1830.3,alpha_vantage
2024-05-23,GBP,NGN,1863.08,alpha_vantage
2024-05-24,GBP,NGN,1878.03,alpha_vantage
2024-05-27,GBP,NGN,1882.81,alpha_vantage
2024-05-28,GBP,NGN,1884.22,alpha_vantage
2024-05-29,GBP,NGN,1677.21,alpha_vantage
2024-05-30,GBP,NGN,1675.91,alpha_vantage
2024-05-31,GBP,NGN,1891.45,alpha_vantage
2024-06-03,GBP,NGN,1898.86,alpha_vantage
2024-06-04,GBP,NGN,1852.32,alpha_vantage
2024-06-05,GBP,NGN,1853.56,alpha_vantage
2024-06-06,GBP,NGN,1890.12,alpha_vantage
2024-06-07,GBP,NGN,1889.48,alpha_vantage
2024-06-10,GBP,NGN,1865.19,alpha_vantage
2024-06-11,GBP,NGN,1886.55,alpha_vantage
2024-06-12,GBP,NGN,1894.95,alpha_vantage
2024-06-13,GBP,NGN,1889.27,alpha_vantage
2024-06-14,GBP,NGN,1880.06,alpha_vantage
2024-06-17,GBP,NGN,1882.96,alpha_vantage
2024-06-18,GBP,NGN,1883.73,alpha_vantage
2024-06-19,GBP,NGN,1880.13,alpha_vantage
2024-06-20,GBP,NGN,1873.33,alpha_vantage
2024-06-21,GBP,NGN,1875.31,alpha_vantage
2024-06-24,GBP,NGN,1877.28,alpha_vantage
2024-06-25,GBP,NGN,1889.08,alpha_vantage
2024-06-26,GBP,NGN,1891.52,alpha_vantage
2024-06-27,GBP,NGN,1890.37,alpha_vantage
2024-06-28,GBP,NGN,1911.89,alpha_vantage
2024-07-01,GBP,NGN,1858.63,alpha_vantage
2024-07-02,GBP,NGN,1908.5,alpha_vantage
2024-07-03,GBP,NGN,1926.12,alpha_vantage
2024-07-04,GBP,NGN,1928.46,alpha_vantage
2024-07-05,GBP,NGN,1940.06,alpha_vantage
2024-07-08,GBP,NGN,1928.16,alpha_vantage
2024-07-09,GBP,NGN,1948.55,alpha_vantage
2024-07-10,GBP,NGN,1990.57,alpha_vantage
2024-07-11,GBP,NGN,2028.37,alpha_vantage
2024-07-12,GBP,NGN,2025.94,alpha_vantage
2024-07-15,GBP,NGN,2031.3,alpha_vantage
2024-07-16,GBP,NGN,2017.74,alpha_vantage
2024-07-17,GBP,NGN,2045.73,alpha_vantage
2024-07-18,GBP,NGN,2037.19,alpha_vantage
2024-07-19,GBP,NGN,2046.9,alpha_vantage
2024-07-22,GBP,NGN,2048.73,alpha_vantage
2024-07-23,GBP,NGN,1979,alpha_vantage
2024-07-24,GBP,NGN,1989.49,alpha_vantage
2024-07-25,GBP,NGN,1981.16,alpha_vantage
2024-07-26,GBP,NGN,2058.83,alpha_vantage
2024-07-29,GBP,NGN,2060.02,alpha_vantage
2024-07-30,GBP,NGN,2065.55,alpha_vantage
2024-07-31,GBP,NGN,2066.81,alpha_vantage
2024-08-01,GBP,NGN,2053.84,alpha_vantage
2024-08-02,GBP,NGN,2063.19,alpha_vantage
2024-08-05,GBP,NGN,2059.63,alpha_vantage
2024-08-06,GBP,NGN,2039.66,alpha_vantage
2024-08-07,GBP,NGN,2038.56,alpha_vantage
2024-08-08,GBP,NGN,2028.85,alpha_vantage
2024-08-09,GBP,NGN,2020.09,alpha_vantage
2024-08-12,GBP,NGN,2021.89,alpha_vantage
2024-08-13,GBP,NGN,2017.65,alpha_vantage
2024-08-14,GBP,NGN,2018.91,alpha_vantage
2024-08-15,GBP,NGN,2031.44,alpha_vantage
2024-08-16,GBP,NGN,2050.31,alpha_vantage
2024-08-19,GBP,NGN,2050.01,alpha_vantage
2024-08-20,GBP,NGN,2052.77,alpha_vantage
2024-08-21,GBP,NGN,2078.6,alpha_vantage
2024-08-22,GBP,NGN,2054.45,alpha_vantage
2024-08-23,GBP,NGN,2103.37,alpha_vantage
2024-08-26,GBP,NGN,2091.74,alpha_vantage
2024-08-27,GBP,NGN,2103.04,alpha_vantage
2024-08-28,GBP,NGN,2099.5,alpha_vantage
2024-08-29,GBP,NGN,2111.23,alpha_vantage
2024-08-30,GBP,NGN,2098.4,alpha_vantage
2024-09-02,GBP,NGN,2099.83,alpha_vantage
2024-09-03,GBP,NGN,2094.19,alpha_vantage
2024-09-04,GBP,NGN,2096.52,alpha_vantage
2024-09-05,GBP,NGN,2136.74,alpha_vantage
2024-09-06,GBP,NGN,2126.8,alpha_vantage
2024-09-09,GBP,NGN,2129.8,alpha_vantage
2024-09-10,GBP,NGN,2108.33,alpha_vantage
2024-09-11,GBP,NGN,2120.95,alpha_vantage
2024-09-12,GBP,NGN,2079.95,alpha_vantage
2024-09-13,GBP,NGN,2163.21,alpha_vantage
2024-09-16,GBP,NGN,2174.22,alpha_vantage
2024-09-17,GBP,NGN,2168.37,alpha_vantage
2024-09-18,GBP,NGN,2185.75,alpha_vantage
2024-09-19,GBP,NGN,2117.25,alpha_vantage
2024-09-20,GBP,NGN,2122.2,alpha_vantage
2024-09-23,GBP,NGN,2126.91,alpha_vantage
2024-09-24,GBP,NGN,2142.15,alpha_vantage
2024-09-25,GBP,NGN,2127.9,alpha_vantage
2024-09-26,GBP,NGN,2235.2,alpha_vantage
2024-09-27,GBP,NGN,2228.88,alpha_vantage
2024-09-30,GBP,NGN,2192.93,alpha_vantage
2024-10-01,GBP,NGN,2126.34,alpha_vantage
2024-10-02,GBP,NGN,2123.28,alpha_vantage
2024-10-03,GBP,NGN,2175.01,alpha_vantage
2024-10-04,GBP,NGN,2174.25,alpha_vantage
2024-10-07,GBP,NGN,2168.2,alpha_vantage
2024-10-08,GBP,NGN,2134.29,alpha_vantage
2024-10-09,GBP,NGN,2078.27,alpha_vantage
2024-10-10,GBP,NGN,2125.51,alpha_vantage
2024-10-11,GBP,NGN,2124.42,alpha_vantage
2024-10-14,GBP,NGN,2123.17,alpha_vantage
2024-10-15,GBP,NGN,2094.98,alpha_vantage
2024-10-16,GBP,NGN,2150.29,alpha_vantage
2024-10-17,GBP,NGN,2149.62,alpha_vantage
2024-10-18,GBP,NGN,2155.01,alpha_vantage
2024-10-21,GBP,NGN,2144.33,alpha_vantage
2024-10-22,GBP,NGN,2128.82,alpha_vantage
2024-10-23,GBP,NGN,2119.12,alpha_vantage
2024-10-24,GBP,NGN,2139.84,alpha_vantage
2024-10-25,GBP,NGN,2124.3,alpha_vantage
2024-10-28,GBP,NGN,2124.53,alpha_vantage
2024-10-29,GBP,NGN,2165.69,alpha_vantage
2024-10-30,GBP,NGN,2158.26,alpha_vantage
2024-10-31,GBP,NGN,2121.44,alpha_vantage
2024-11-01,GBP,NGN,2134.13,alpha_vantage
2024-11-04,GBP,NGN,2158.38,alpha_vantage
2024-11-05,GBP,NGN,2171.12,alpha_vantage
2024-11-06,GBP,NGN,2151.59,alpha_vantage
2024-11-07,GBP,NGN,2182.68,alpha_vantage
2024-11-08,GBP,NGN,2151.55,alpha_vantage
2024-11-11,GBP,NGN,2130.26,alpha_vantage
2024-11-12,GBP,NGN,2110.35,alpha_vantage
2024-11-13,GBP,NGN,2145.3,alpha_vantage
2024-11-14,GBP,NGN,2141.48,alpha_vantage
2024-11-15,GBP,NGN,2092.4,alpha_vantage
2024-11-18,GBP,NGN,2103.02,alpha_vantage
2024-11-19,GBP,NGN,2131.06,alpha_vantage
2024-11-20,GBP,NGN,2118.52,alpha_vantage
2024-11-21,GBP,NGN,2108.43,alpha_vantage
2024-11-22,GBP,NGN,2115.8,alpha_vantage
2024-11-25,GBP,NGN,2092.65,alpha_vantage
2024-11-26,GBP,NGN,2121.26,alpha_vantage
2024-11-27,GBP,NGN,2129.46,alpha_vantage
2024-11-28,GBP,NGN,2130.46,alpha_vantage
2024-11-29,GBP,NGN,2137.47,alpha_vantage
2024-12-02,GBP,NGN,2125,alpha_vantage
2024-12-03,GBP,NGN,2128.61,alpha_vantage
2024-12-04,GBP,NGN,2087.29,alpha_vantage
2024-12-05,GBP,NGN,2056.91,alpha_vantage
2024-12-06,GBP,NGN,2021.84,alpha_vantage
2024-12-09,GBP,NGN,2032.32,alpha_vantage
2024-12-11,GBP,NGN,1951.96,alpha_vantage
2024-12-12,GBP,NGN,1942.21,alpha_vantage
2024-12-13,GBP,NGN,1936.22,alpha_vantage
2024-12-16,GBP,NGN,1944.58,alpha_vantage
2024-12-17,GBP,NGN,1948.17,alpha_vantage
2024-12-18,GBP,NGN,1928.16,alpha_vantage
2024-12-19,GBP,NGN,1927.46,alpha_vantage
2024-12-20,GBP,NGN,1931.99,alpha_vantage
2024-12-23,GBP,NGN,1925.57,alpha_vantage
2024-12-24,GBP,NGN,1925.67,alpha_vantage
2024-12-25,GBP,NGN,1925.37,alpha_vantage
2024-12-26,GBP,NGN,1926.58,alpha_vantage
2024-12-27,GBP,NGN,1932.99,alpha_vantage
2024-12-30,GBP,NGN,1931.01,alpha_vantage
2024-12-31,GBP,NGN,1925.51,alpha_vantage
2025-01-02,GBP,NGN,1903.26,alpha_vantage
2025-01-03,GBP,NGN,1907.27,alpha_vantage
2025-01-06,GBP,NGN,1920.52,alpha_vantage
2025-01-07,GBP,NGN,1912.86,alpha_vantage
2025-01-08,GBP,NGN,1895.21,alpha_vantage
2025-01-09,GBP,NGN,1886.8,alpha_vantage
2025-01-10,GBP,NGN,1871.36,alpha_vantage
2025-01-13,GBP,NGN,1876.19,alpha_vantage
2025-01-14,GBP,NGN,1884.23,alpha_vantage
2025-01-15,GBP,NGN,1894.1,alpha_vantage
2025-01-16,GBP,NGN,1895,alpha_vantage
2025-01-17,GBP,NGN,1885.51,alpha_vantage
2025-01-20,GBP,NGN,1907.22,alpha_vantage
2025-01-21,GBP,NGN,1901.48,alpha_vantage
2025-01-22,GBP,NGN,1909.46,alpha_vantage
2025-01-23,GBP,NGN,1916.24,alpha_vantage
2025-01-24,GBP,NGN,1934.72,alpha_vantage
2025-01-27,GBP,NGN,1937.05,alpha_vantage
2025-01-28,GBP,NGN,1928.33,alpha_vantage
2025-01-29,GBP,NGN,1926.64,alpha_vantage
2025-01-30,GBP,NGN,1864.67,alpha_vantage
2025-01-31,GBP,NGN,1836.47,alpha_vantage
2025-02-03,GBP,NGN,1832.67,alpha_vantage
2025-02-04,GBP,NGN,1857.76,alpha_vantage
2025-02-05,GBP,NGN,1871.69,alpha_vantage
2025-02-06,GBP,NGN,1861.22,alpha_vantage
2025-02-07,GBP,NGN,1856.2,alpha_vantage
2025-02-10,GBP,NGN,1851.11,alpha_vantage
2025-02-11,GBP,NGN,1865.92,alpha_vantage
2025-02-12,GBP,NGN,1871.35,alpha_vantage
2025-02-13,GBP,NGN,1881.56,alpha_vantage
2025-02-14,GBP,NGN,1902.86,alpha_vantage
2025-02-17,GBP,NGN,1906.23,alpha_vantage
2025-02-18,GBP,NGN,1896.95,alpha_vantage
2025-02-19,GBP,NGN,1889.68,alpha_vantage
2025-02-20,GBP,NGN,1911.17,alpha_vantage
2025-02-21,GBP,NGN,1895.97,alpha_vantage
2025-02-24,GBP,NGN,1894.45,alpha_vantage
2025-02-25,GBP,NGN,1895.56,alpha_vantage
2025-02-26,GBP,NGN,1895.17,alpha_vantage
2025-02-27,GBP,NGN,1888.74,alpha_vantage
2025-02-28,GBP,NGN,1884.91,alpha_vantage
2025-03-03,GBP,NGN,1902.97,alpha_vantage
2025-03-04,GBP,NGN,1904.09,alpha_vantage
2025-03-05,GBP,NGN,1922.89,alpha_vantage
2025-03-06,GBP,NGN,1934.41,alpha_vantage
2025-03-07,GBP,NGN,1953.84,alpha_vantage
2025-03-10,GBP,NGN,1975.94,alpha_vantage
2025-03-11,GBP,NGN,1979.05,alpha_vantage
2025-03-12,GBP,NGN,1985.35,alpha_vantage
2025-03-13,GBP,NGN,1982.98,alpha_vantage
2025-03-14,GBP,NGN,2000.92,alpha_vantage
2025-03-17,GBP,NGN,2009.56,alpha_vantage
2025-03-18,GBP,NGN,1986.89,alpha_vantage
2025-03-19,GBP,NGN,1975.12,alpha_vantage
2025-03-20,GBP,NGN,1970.04,alpha_vantage
2025-03-21,GBP,NGN,1983.39,alpha_vantage
2025-03-24,GBP,NGN,1963.46,alpha_vantage
2025-03-25,GBP,NGN,1973.19,alpha_vantage
2025-03-26,GBP,NGN,1974.33,alpha_vantage
2025-03-27,GBP,NGN,1986.86,alpha_vantage
2025-03-28,GBP,NGN,1986.77,alpha_vantage
2025-03-31,GBP,NGN,1980.37,alpha_vantage
2025-04-01,GBP,NGN,1985.11,alpha_vantage
2025-04-02,GBP,NGN,1989.52,alpha_vantage
2025-04-03,GBP,NGN,2008.62,alpha_vantage
2025-04-04,GBP,NGN,1967.58,alpha_vantage
2025-04-07,GBP,NGN,2013.4,alpha_vantage
2025-04-08,GBP,NGN,2001.58,alpha_vantage
2025-04-09,GBP,NGN,2032.9,alpha_vantage
2025-04-10,GBP,NGN,2074.48,alpha_vantage
2025-04-11,GBP,NGN,2093.1,alpha_vantage
2025-04-14,GBP,NGN,2124.39,alpha_vantage
2025-04-15,GBP,NGN,2114.97,alpha_vantage
2025-04-16,GBP,NGN,2120.33,alpha_vantage
2025-04-17,GBP,NGN,2120.78,alpha_vantage
2025-04-18,GBP,NGN,2126.25,alpha_vantage
2025-04-21,GBP,NGN,2138.87,alpha_vantage
2025-04-22,GBP,NGN,2132.27,alpha_vantage
2025-04-23,GBP,NGN,2127.16,alpha_vantage
2025-04-24,GBP,NGN,2141.73,alpha_vantage
2025-04-25,GBP,NGN,2138.92,alpha_vantage
2025-04-28,GBP,NGN,2154.26,alpha_vantage
2025-04-29,GBP,NGN,2143.54,alpha_vantage
2025-04-30,GBP,NGN,2127.89,alpha_vantage
2025-05-01,GBP,NGN,2125.34,alpha_vantage
2025-05-02,GBP,NGN,2127.08,alpha_vantage
2025-05-05,GBP,NGN,2130.12,alpha_vantage
2025-05-06,GBP,NGN,2144.99,alpha_vantage
2025-05-07,GBP,NGN,2134.17,alpha_vantage
2025-05-08,GBP,NGN,2129.11,alpha_vantage
2025-05-09,GBP,NGN,2136.22,alpha_vantage
2025-05-12,GBP,NGN,2117.79,alpha_vantage
2025-05-13,GBP,NGN,2123.55,alpha_vantage
2025-05-14,GBP,NGN,2124.49,alpha_vantage
2025-05-15,GBP,NGN,2122.2,alpha_vantage
2025-05-16,GBP,NGN,2119.57,alpha_vantage
2025-05-19,GBP,NGN,2136.27,alpha_vantage
2025-05-20,GBP,NGN,2134.2,alpha_vantage
2025-05-21,GBP,NGN,2134.1,alpha_vantage
2025-05-22,GBP,NGN,2129.93,alpha_vantage
2025-05-23,GBP,NGN,2144.51,alpha_vantage
2025-05-26,GBP,NGN,2149.57,alpha_vantage
2025-05-27,GBP,NGN,2146.73,alpha_vantage
2025-05-28,GBP,NGN,2135.34,alpha_vantage
2025-05-29,GBP,NGN,2145.81,alpha_vantage
2025-05-30,GBP,NGN,2133,alpha_vantage
2025-06-02,GBP,NGN,2147.79,alpha_vantage
2025-06-03,GBP,NGN,2134.64,alpha_vantage
2025-06-04,GBP,NGN,2136.38,alpha_vantage
2025-06-05,GBP,NGN,2120.1,alpha_vantage
2025-06-06,GBP,NGN,2102.23,alpha_vantage
2025-06-09,GBP,NGN,2107.29,alpha_vantage